Identifiant;Identifiant CTV;Code postal de l'arrondissement;Numéro de STV;Typologie;Maitre d'ouvrage;Objet;Description;Voie(s);Précisions de localisation;Date de début;Date de fin;Impact sur la circulation;Détail de l'impact sur la circulation;Niveau de perturbation;Statut;URL LettreInfoChantier;geo_shape;geo_point_2d
CP002429;662837;75015;13;3;SCCV Porte de Brancion;CONSTRUCTION_IMMEUBLE;Construction neuve, résidence sociale et commerces;Avenue de la Porte de Brancion;Carrefour au-dessus du périphérique;2022-11-14;2024-03-15;RESTREINTE;restriction à é files de circulation, maintien de la piste vélos et cheminement piétons.;2;2;;"{""coordinates"": [[[2.299950868215911, 48.82590374090184], [2.30015215168723, 48.82580973482902], [2.3001655346281953, 48.82561825396621], [2.3000555103777676, 48.82562593831276], [2.299795085098483, 48.825695802137254], [2.299950868215911, 48.82590374090184]]], ""type"": ""Polygon""}";48.82574599992239, 2.300005595088703
CP002471;814301;75008;9;1;STV;REFECTION_CHAUSSEE;Reprise de pavage;Place du CANADA;Coté Albert er / Pont des Invalides;2023-04-06;2023-05-05;RESTREINTE;Maintien de 3,00m et Fermeture du contre sens Bus vers le 7ème;1;2;;"{""coordinates"": [[[2.3099176449909593, 48.86456021030826], [2.309815254848495, 48.86455724020254], [2.3098362437801216, 48.864606379347556], [2.3104224612182853, 48.86462355986165], [2.310389770445115, 48.86453199766828], [2.3099176449909593, 48.86456021030826]]], ""type"": ""Polygon""}";48.864581191009634, 2.310150819791415
CP002407;564719;75007;12;1;SAGP;REAMENAGEMENT_VOIRIE;Piétonnisation du pont;Pont IENA;Sur chaussée;2022-11-14;2022-12-30;RESTREINTE;Reste 1 file circulée de 3.50ml dans chaque sens (Bus + vélos) - Piétons maintenus sur trottoirs;1;2;;"{""coordinates"": [[[2.2911723743026124, 48.86025188171515], [2.291378000032758, 48.86038730561306], [2.293060421566911, 48.859315552367235], [2.29333378742358, 48.859255431661076], [2.292963030602004, 48.85899824938073], [2.292830282357081, 48.85918803829557], [2.2911723743026124, 48.86025188171515]]], ""type"": ""Polygon""}";48.85969600584461, 2.2922503588788903
CP002529;832223;75015;13;1;DVD-SD;REAMENAGEMENT_VOIRIE;Mise en conformité PMR Bus;rue des Morillons;du 69 au 75;2023-07-31;2023-08-25;SENS_UNIQUE;depuis rue Brancion vers rue de Cronstadt;2;2;;"{""coordinates"": [[[2.3028789743392855, 48.83219421253148], [2.302858458320566, 48.83216506200275], [2.3024497010134004, 48.8322740439256], [2.302468774279863, 48.832303186108504], [2.3028782410145237, 48.8321951597966], [2.3028789743392855, 48.83219421253148]]], ""type"": ""Polygon""}";48.83223399541862, 2.3026652117918185
CP001837;;75008;9;3;DIOR;REHABILITATION_IMMEUBLE;Curage du 11/02/21 au 30/06/21;Rue Galilée;Entre Champs Elysées et Vernet;2021-02-11;2023-03-31;RESTREINTE;Maintien d'une file de circulation.;2;2;;"{""coordinates"": [[[2.299263019651192, 48.87208338769547], [2.2990878503181698, 48.871965765767534], [2.299089685895717, 48.871963396852166], [2.2988432760843054, 48.871778731266176], [2.2987634127542957, 48.871816335353], [2.299186731257099, 48.872123393546424], [2.299263019651192, 48.87208338769547]]], ""type"": ""Polygon""}";48.87195027006955, 2.299011283877479
CP002365;640331;75008;9;2;CPCU;RACCORDEMENT_RESEAU;Raccordement réseau au Grand Palais;Place François 1er;Du 5 au 9 & 8-10 place François 1er + du 1 au 11 &  au 2 au 14 rue Jean Goujon + du 3 au 21 avenue François Roosevelt;2022-07-26;2023-03-31;RESTREINTE;Voies restreintes mais circulées;2;2;;"{""coordinates"": [[[2.307273629523612, 48.86601530651125], [2.3072717787067982, 48.86601886531051], [2.307271794527812, 48.86601767556485], [2.3072588876539992, 48.86603901613086], [2.3084971537277923, 48.86636027495284], [2.3085172578543354, 48.86634016478189], [2.3081668084195015, 48.866248907171915], [2.308141797576535, 48.86609528352092], [2.308040150837061, 48.866009033014286], [2.3078892476784802, 48.86596532902388], [2.3077720049943244, 48.86596702974826], [2.307510866510522, 48.866076167654846], [2.307273629523612, 48.86601530651125]]], ""type"": ""Polygon""}";48.866113277522594, 2.307888221989011
CP002378;577778;75015;13;2;CPCU;ENTRETIEN_RESEAU;Travaux d'inspection et de remplacement;rue Jean Rey;du 2 au 28;2022-09-26;2023-09-30;RESTREINTE;;2;2;;"{""coordinates"": [[[2.289873564529613, 48.85529773169754], [2.2921086689549686, 48.85545055030019], [2.292181551817004, 48.85547513910185], [2.292359637326779, 48.85554061160918], [2.292737591745067, 48.85586494303431], [2.292839420904078, 48.85585480833411], [2.292425444205605, 48.855487318088684], [2.29226791322715, 48.85540586244569], [2.2898620936398406, 48.855243980921685], [2.289873564529613, 48.85529773169754]]], ""type"": ""Polygon""}";48.855436511193275, 2.291511915226603
CP002420;738312;75008;9;1;DVD - SAGP -ACO;REAMENAGEMENT_VOIRIE;Aménagement de refuges piétons;Avenue des Champs Elysées;De la place de l'étoile à la place Clémenceau (Ph1) puis à la place de la Concorde (Ph2);2022-11-03;2023-04-14;RESTREINTE;Suppression d'une file de circulation de chaque côté à chaque phase;2;2;;"{""coordinates"": [[[2.3200538727455706, 48.865874721048435], [2.3200020390980693, 48.865793902649216], [2.3091056744565157, 48.86925572789205], [2.3091534995198972, 48.86933115860774], [2.3200538727455706, 48.865874721048435]]], ""type"": ""Polygon""}";48.867543441256416, 2.314643159291045
CP000972;;75008;9;2;SNCF EOLE;TRAVAUX_OUVRAGE;Création d'un puits de service.;avenue de Friedland;entre la rue Berryer et la rue Beaujon;2019-01-08;2022-12-30;RESTREINTE;Maintien d'une file de circulation  en direction de la place de l'Etoile , la circulation générale est déviée dans la contre-allée à partir de la rue Lamennais;1;2;;"{""coordinates"": [[[2.304422803720147, 48.87491931126261], [2.304459185606732, 48.87489620365206], [2.3044738232266613, 48.874880584410775], [2.3044727940243783, 48.87474161495838], [2.303399433909941, 48.87461925331769], [2.3032784080788256, 48.874605699179945], [2.303255264600917, 48.87460984803744], [2.3032341651065726, 48.87462304986576], [2.3032224069263725, 48.874639162372354], [2.303222184112559, 48.87465581777475], [2.303278015299301, 48.874688979490756], [2.303324449258401, 48.87472351554153], [2.303335161626826, 48.874731667460274], [2.3034293639700065, 48.874808835933436], [2.304422803720147, 48.87491931126261]]], ""type"": ""Polygon""}";48.8747634951109, 2.3038824253010715
CP001764;;75008;9;3;AVRIL;REHABILITATION_IMMEUBLE;Rénovation complète et extension;11/13 rue de Monceau;;2020-11-30;2023-01-31;RESTREINTE;"Maintien de 4m de circulation
Maintien du contre sens cyclable";2;2;;"{""coordinates"": [[[2.306993062665562, 48.87579099688083], [2.3070331160845607, 48.875763150457324], [2.306790957047798, 48.8755809054974], [2.3067487210266386, 48.875610167356626], [2.306993062665562, 48.87579099688083]]], ""type"": ""Polygon""}";48.87568552856546, 2.3068904218853814
CP001838;;75008;9;3;DIOR;REHABILITATION_IMMEUBLE;Curage du 11/02/21 au 30/06/21;rue Vernet;entre Bassano et Galilée;2021-02-11;2023-03-31;;;;2;;"{""coordinates"": [[[2.2988730194839535, 48.87180408982155], [2.2999616525460276, 48.8714559131055], [2.2999407948877977, 48.87139749292987], [2.298815901081782, 48.87175973414693], [2.2988730194839535, 48.87180408982155]]], ""type"": ""Polygon""}";48.871603037289425, 2.299401233940519
CP002498;;75007;12;1;STV-S;REFECTION_CHAUSSEE;Décroutage  de la chaussée + Tapis;Avenue de Suffren;Entre la place Joffre et la rue de la Fédération;2023-06-06;2023-07-05;BARRAGE_TOTAL;;1;2;;"{""coordinates"": [[[2.3007272612245786, 48.85119969804123], [2.298351893427507, 48.85271575460935], [2.298464867954388, 48.85278352095817], [2.300717290430639, 48.851336531426796], [2.3007867522187673, 48.85131277965305], [2.300880292963085, 48.85131332625799], [2.3007272612245786, 48.85119969804123]]], ""type"": ""Polygon""}";48.851994593866365, 2.2995888179232384
CP002499;822445;75015;13;1;STV-SO 15e;REFECTION_CHAUSSEE;Reprise du pavage sur chaussée + création zone vélos;Rue Fizeau;Entre la rue de Chambéry et la rue de Cherbourg;2023-05-22;2023-06-16;BARRAGE_TOTAL;;2;2;;"{""coordinates"": [[[2.3032854669276555, 48.83080595494344], [2.3033782567658507, 48.83087502794765], [2.3034032212351163, 48.83084090710298], [2.303548413916611, 48.83076465361057], [2.30358370785087, 48.830766763109715], [2.3035088311572602, 48.83070588537145], [2.303337530494365, 48.83079388459845], [2.303286181151143, 48.83080643487433], [2.3032854669276555, 48.83080595494344]]], ""type"": ""Polygon""}";48.83078647327676, 2.3034316492244034
CP002503;819242;75015;13;2;Eau de Paris;ENTRETIEN_RESEAU;Intervention sur chaussée pavés;Place Dupleix;Face au 2 - 6 place Dupleix;2023-07-03;2023-12-29;BARRAGE_TOTAL;Fermeture de la place Dupleix (entre les n°2 et n° 6) depuis la rue Dupleix;2;2;;"{""coordinates"": [[[2.296046112684518, 48.85166386737676], [2.2960514569579358, 48.85166865823595], [2.2964824662466063, 48.8513927844736], [2.296448584346168, 48.85136522039633], [2.296017526885203, 48.8516446633222], [2.296046112684518, 48.85166386737676]]], ""type"": ""Polygon""}";48.85151598006989, 2.2962528398273885
CP002509;;75007;12;1;STV;REFECTION_CHAUSSEE;Travaux de désamiantage + Reprise ponctuelle de fondation;Avenue de Suffren;carrefour Suffren/ avenue Josepph Bouvard;2023-07-17;2023-08-04;SENS_UNIQUE;"En 2 phases
Mise à sens unique de l'avenue de Suffren vers Quai Branly
Mise à double sens du barreau av. Charles Floquet entre av. du Gral Tripier et av. du Docteur Brouardel, ainsi que le tronçon de Joseph Bouvard entre C. Floquet et Pl J. RUEFF";1;2;;"{""coordinates"": [[[2.2958095881097673, 48.85434718710467], [2.2958014537222096, 48.85434713923247], [2.295386928176215, 48.85462116622625], [2.2953017700783938, 48.85460187533738], [2.295240036521471, 48.85465519444956], [2.295264113114722, 48.85467949391761], [2.2952146167260854, 48.854730200501265], [2.295319420791034, 48.854800605255434], [2.2953726570379698, 48.85477407741616], [2.2954863955981204, 48.854785483675556], [2.2959750382288706, 48.854444790453584], [2.2958095881097673, 48.85434718710467]]], ""type"": ""Polygon""}";48.85458899612755, 2.2955874414864503
CP002515;;75008;9;1;SAGP;REAMENAGEMENT_VOIRIE;Elargissement de trottoir;Avenue franklin Roosevelt;"Carrefour Franklin Roosevelt Jean Goujon
Phase 1";2023-07-24;2023-08-08;RESTREINTE;"Maintien de 5,00m sur Jean goujon
Fermeture de la contre allée Franklin D. Roosevelt entre Jean Goujon et impasse d'Antin";2;2;;"{""coordinates"": [[[2.3100117010739734, 48.86710269156231], [2.310093066360021, 48.867103160601665], [2.310117636410889, 48.866783893803266], [2.3096714166495254, 48.866684692368814], [2.309666851229504, 48.86672224345491], [2.3100072974129056, 48.86682083516094], [2.31001166553039, 48.86710537500798], [2.3100117010739734, 48.86710269156231]]], ""type"": ""Polygon""}";48.866866841416815, 2.3099857228265646
CP002522;821095;75015;13;1;Mission vélos;REAMENAGEMENT_VOIRIE;Aménagement voie cyclable;Rue Linois;Entre la place Charles Michels et le quai de Grenelle / André Citroën;2023-07-03;2024-03-05;RESTREINTE;La voie bue est neutralisée pendant les travaux, seule la voie de gauche est circulée;2;2;;"{""coordinates"": [[[2.2818712795883327, 48.84908469537878], [2.281996129995401, 48.849174022171034], [2.282016537190529, 48.84916877633271], [2.284056392012871, 48.84782281600207], [2.2853361305767868, 48.847033271823385], [2.285647327434154, 48.84687944839837], [2.2854658382754325, 48.846768313721434], [2.2818712795883327, 48.84908469537878]]], ""type"": ""Polygon""}";48.84795268395717, 2.2837577541834713
CP002437;766985;75015;13;3;SCI ACM COTENTIN;REHABILITATION_IMMEUBLE;;rue de l'Armorique;Au 21-23;2022-12-19;2024-04-30;RESTREINTE;;2;2;;"{""coordinates"": [[[2.3147888672474264, 48.839148161191275], [2.3146942819603478, 48.83915856466446], [2.3147163713162477, 48.839288140962445], [2.3148139098236094, 48.83927251826303], [2.3147903037512862, 48.83914864518603], [2.3147888672474264, 48.839148161191275]]], ""type"": ""Polygon""}";48.839217125673386, 2.3147534341288774
CP001477;;75008;9;2;SNCF EOLE;CREATION_ENTRETIEN_OUVRAGE_ART;Création d'un puits de service, travaux préparatoire du 26/08/19 au 30/08/19;Avenue de Messine;du n°2 au n°16;2019-08-26;2023-02-28;RESTREINTE;Maintien d'un file de circulation au droit de l'emprise.;2;2;;"{""coordinates"": [[[2.313937384330044, 48.876027117035385], [2.313974930275214, 48.87605231674796], [2.3147188488919417, 48.875718687897425], [2.3147518291249445, 48.875679615138374], [2.3149239838360867, 48.87561873314292], [2.3152027820559806, 48.875540614522286], [2.315195329178253, 48.87542159738105], [2.3151719609046855, 48.87541551456593], [2.3148206587351954, 48.87552058234331], [2.3138445376667494, 48.87595519984275], [2.313937384330044, 48.876027117035385]]], ""type"": ""Polygon""}";48.87572980964821, 2.314529093609444
CP002455;765541;75015;13;2;CPCU;CREATION_RESEAUX;Création canalisation chauffage urbain;Rue de Vaugirard;Entre les n° 156 et 164 (coté pair);2023-01-30;2023-04-28;RESTREINTE;Piste cyclable déviée dans la circulation générale;2;2;;"{""coordinates"": [[[2.313988546143354, 48.84341497118011], [2.313996853178081, 48.84337734259612], [2.312911898584335, 48.84304233767827], [2.3128953475311524, 48.8430672279002], [2.313981539431601, 48.843399463712316], [2.313988546143354, 48.84341497118011]]], ""type"": ""Polygon""}";48.84321963970753, 2.313439874033886
CP002482;;75015;13;2;CPCU;TRAVAUX_OUVRAGE;;rue de la Convention;du 54 au 56;2023-04-03;2023-06-16;RESTREINTE;Maintien de 3,00 m dans chaque sens;;2;;"{""coordinates"": [[[2.2820328445477465, 48.84371501717107], [2.2820920633031037, 48.84373440859408], [2.2825422282719794, 48.84353428992258], [2.2825032379012384, 48.84350327968509], [2.282031041970642, 48.8437150063528], [2.2820328445477465, 48.84371501717107]]], ""type"": ""Polygon""}";48.84362091930238, 2.2822935477969173
CP002268;534110;75015;13;2;CPCU;ENTRETIEN_RESEAU;Modernisation Chambre;bd Pasteur;Au N° 52;2022-01-31;2023-02-22;RESTREINTE;;2;2;;"{""coordinates"": [[[2.313657625860738, 48.84122930170467], [2.3136802893204798, 48.841287731417765], [2.313696182835892, 48.84131280792319], [2.3138767494813437, 48.84115203226221], [2.313790782043143, 48.84110989664495], [2.313659397022841, 48.8412316915925], [2.313657625860738, 48.84122930170467]]], ""type"": ""Polygon""}";48.841203375944964, 2.313757003270671
CP002510;;75007;12;1;STV;REFECTION_CHAUSSEE;Travaux de désamiantage;avenue de Suffren;Entre le N° 66 et rue de la Fédération;2023-07-17;2023-08-04;SENS_UNIQUE;"En 2 phases.
Mise à sens unique Depuis Jean Carriès vers Quai Branly
Mise en impasse de la rue de la Fédération entre rue de Presles et l'av. de Suffren";1;2;;"{""coordinates"": [[[2.297715907548947, 48.85312487800575], [2.2978327329176347, 48.85320877235337], [2.2984606379121693, 48.85279372906904], [2.298347771784191, 48.852717911386605], [2.297707773350449, 48.853124830263106], [2.297715907548947, 48.85312487800575]]], ""type"": ""Polygon""}";48.852964152327495, 2.298082981182748
CP002021;35429;75015;13;2;GRDF;ENTRETIEN_RESEAU;Renouvellement du réseau Gaz;Rue de La croix Nivert;Au N°148;2022-09-16;2022-12-16;RESTREINTE;Traversée de chaussée en 3 phases, avec maintien d'une voie de 3,00m dans chaque sens pour chaque phase de travaux.;2;2;;"{""coordinates"": [[[[2.2915111389838203, 48.841087452407784], [2.291592971736566, 48.841128130772134], [2.2916773270034434, 48.84106130887654], [2.2915913758001696, 48.84101939472699], [2.2915111389838203, 48.841087452407784]]], [[[2.291592971736566, 48.841128130772134], [2.291592050287187, 48.84112886010034], [2.29159349956246, 48.84112839291638], [2.291592971736566, 48.841128130772134]]]], ""type"": ""MultiPolygon""}";48.841073863344576, 2.2915935419637385
CP002040;426349;75008;9;3;SCI 74 CHAMPS ELYSEES;REHABILITATION_IMMEUBLE;;57 rue de Ponthieu;;2021-06-22;2023-04-30;RESTREINTE;Maintien d'une file de circulation;2;4;;"{""coordinates"": [[[2.3051116917113017, 48.872075843470256], [2.3051237649448435, 48.872090190631106], [2.3052541909453397, 48.87204764074062], [2.305269074020214, 48.87206771502464], [2.30546681585482, 48.87200842309781], [2.305469602510664, 48.871961800228114], [2.3054625786311185, 48.87194748239931], [2.3050981571278077, 48.872062915981154], [2.3051116917113017, 48.872075843470256]]], ""type"": ""Polygon""}";48.872021313673976, 2.305312573192205
CP002425;761044;75007;12;1;DVD - MV;REAMENAGEMENT_VOIRIE;Aménagement  piste cyclable;Boulevard des Invalides;Entre les rues de Grenelle et Varenne;2022-11-21;2023-04-05;RESTREINTE;Travaux principalement dans la contre-allée avec des traversées piétonnes phasées au 17 bd Invalides et 61 rue Varenne;2;2;;"{""coordinates"": [[[2.3153189688615576, 48.8578919350281], [2.315129402556937, 48.85622132208291], [2.314771087602544, 48.85624879657782], [2.314957244843304, 48.857868391847845], [2.3153189688615576, 48.8578919350281]]], ""type"": ""Polygon""}";48.857056686557115, 2.3150450011004136
CP002516;;75008;9;1;SAGP;REAMENAGEMENT_VOIRIE;;Avenue du Général Eisenhower;"Entre av. de Selves et le N°3
Phase 3";2023-08-08;2023-09-21;IMPASSE;Mise en impasse entre Selves et F.D. Roosevelt et Mise en impasse entre le N°3 et Winston Churchill;2;2;;"{""coordinates"": [[[2.312621281100819, 48.86739993738277], [2.3126114339924744, 48.86732611555085], [2.312258272076218, 48.86730267151392], [2.311837465536049, 48.86721221033693], [2.3117493875093014, 48.86719028774628], [2.311751925464223, 48.86727120664687], [2.3121672593016442, 48.8673663951081], [2.312314830284158, 48.86738984906216], [2.312502263331858, 48.86739925379097], [2.312619446299445, 48.86740230651538], [2.312621281100819, 48.86739993738277]]], ""type"": ""Polygon""}";48.86731592755759, 2.312183462466626
CP000442;;75008;9;2;EOLE;TRAVAUX_OUVRAGE;Prolongement du RER E - Puits Pasquier;Bd Haussmann;entre rue de l'Arcade et rue d'Anjou;2017-07-01;2023-01-13;RESTREINTE;Neutralisation du couloir bus. Maintien des cheminements piétons et d'une file sur la rue Pasquier. Rue Pasquier fermée du 24/07/17 au 25/10/17;2;2;http://xdir-CGPub-prd.ressources.paris.mdp/PdfEtImages/ChantiersPerturbants/Pdf/Plaquette d'info riv opé CPCU N01C - Haussmann 08ème Edt°2.pdf;"{""coordinates"": [[[2.322881182230636, 48.87440292430693], [2.322884693425123, 48.874445889427435], [2.3238426347286776, 48.874314415789115], [2.3238628385118822, 48.874325266224574], [2.3238573767859667, 48.87443259851544], [2.3238899269843416, 48.874432782368594], [2.323899841312721, 48.87429595080958], [2.3239015435285917, 48.87426848380335], [2.3239912652976913, 48.87425288605297], [2.3244723899366377, 48.87417776342435], [2.3244594209450606, 48.87413269627761], [2.3228778817544082, 48.8743438559033], [2.322881182230636, 48.87440292430693]]], ""type"": ""Polygon""}";48.87429944518452, 2.323575149071294
CP002113;423774;75007;12;3;SAS 40 rue des Sts Pères;REHABILITATION_IMMEUBLE;;40 rue des Sts-Pères;juste avant le bd St Germain;2021-07-12;2023-05-31;RESTREINTE;Maintien d'une file de circulation.;2;4;;"{""coordinates"": [[[2.3305087410876553, 48.85470384122318], [2.3305972716671617, 48.8548958307216], [2.3306558083790203, 48.85488368952832], [2.330574247997891, 48.85468380316092], [2.3305087410876553, 48.85470384122318]]], ""type"": ""Polygon""}";48.85478929337244, 2.3305830937444014
CP002512;811445;75015;13;3;TS DIAMOND SCI;REHABILITATION_IMMEUBLE;Réhabilitation de la Tour Cristal;Quai André Citroën;Au niveau du 5 - 11 Quai André Citroën et du 1 - 5 rue de l'ingénieur Keller;2023-06-12;2025-12-31;RESTREINTE;Traversée piétonne obligatoire et provisoire au 1 rue de l'ingénieur Keller et dévié au 13 quai André Citroën car fermé au n°11.;2;2;;"{""coordinates"": [[[2.281629017580763, 48.84816772115835], [2.2809547819492315, 48.84842899342419], [2.280955960900329, 48.848474212476575], [2.2813863093462023, 48.84877305508172], [2.2814353746320806, 48.84874479495246], [2.281112215455314, 48.84851679384698], [2.2811186070266922, 48.84844544517538], [2.2816499602041813, 48.84821781831716], [2.281629017580763, 48.84816772115835]]], ""type"": ""Polygon""}";48.84843637487575, 2.281252958764124
CP002526;819694;75015;13;3;Institut Pasteur;REHABILITATION_IMMEUBLE;;rue de Vaugirard;Au 213;2023-07-17;2024-07-17;RESTREINTE;Neutralisation de la voie Bus;2;2;;"{""coordinates"": [[[2.3095091360573914, 48.84190792832706], [2.3095091202947704, 48.841909118098826], [2.3095146066558643, 48.841903201352004], [2.3091699309781957, 48.841796509741926], [2.3091565893256156, 48.841851162789425], [2.3094833031716817, 48.84195299130053], [2.3095091360573914, 48.84190792832706]]], ""type"": ""Polygon""}";48.84187570400312, 2.3093310364382162
CP002411;;75007;12;2;Fraicheur de Paris;CREATION_RESEAUX;Raccordement client et extension de réseau;rue de Constantine;entre rue St Dominique et rue de l'Université;2022-11-21;2023-01-23;BARRAGE_TOTAL;Fermeture du tronçon à la circulation générale. Maintien de la piste cyclable;2;2;;"{""coordinates"": [[[2.314866437691376, 48.86090307243759], [2.314992778498425, 48.860894277850534], [2.3148926746963876, 48.86000494663854], [2.314780870731935, 48.860005496352855], [2.3148667622418446, 48.86074126570166], [2.314884907528557, 48.860869864407746], [2.314866453337404, 48.86090188268543], [2.314866437691376, 48.86090307243759]]], ""type"": ""Polygon""}";48.86044952159968, 2.314887587217051
CP002485;816344;75008;9;1;Fraicheur de Paris;RACCORDEMENT_RESEAU;Raccordement client;rue du Faubourg Saint Honoré;Entre rue de la Néva et Place des Ternes;2023-05-02;2023-06-19;SENS_UNIQUE;depuis Place des Ternes vers avenue Hoche;1;2;;"{""coordinates"": [[[2.3002163543815954, 48.87724352294222], [2.3001395839927525, 48.87720281251899], [2.2983951844510897, 48.877707945597656], [2.298516280359523, 48.87778112580276], [2.3000812476756107, 48.87730446644164], [2.300081464084885, 48.877288363236126], [2.3002163543815954, 48.87724352294222]]], ""type"": ""Polygon""}";48.87750229964593, 2.2992695806976338
CP002523;822562;75007;12;1;STV - S;REFECTION_CHAUSSEE;Désamiantage + tapis;Quai Anatole France;Entre pont Royal et rue de la Légion d'Honneur;2023-07-17;2023-08-08;BARRAGE_TOTAL;"Du 17 au 21/07; Désamiantage Enrobé. Fermeture Quai A. France depuis Pt Royal.
Du 24/07 au 07/08, Reprise  fondation béton. Nuit du 07 au 08/08, pose nouveau revêtement chaussée. Fermeture Quai A. France jusqu'à Solférino. 
Le 08/08, marquage à neuf.";1;2;;"{""coordinates"": [[[2.3295543959012948, 48.85941430983356], [2.329321643482476, 48.8594827925474], [2.3292773496379744, 48.859447650375444], [2.329171244922344, 48.859473896760186], [2.3255067854783813, 48.86067457316191], [2.3255665147965994, 48.86077422145737], [2.3276453659768914, 48.86013636337257], [2.328090853045698, 48.859975134183514], [2.329230290136217, 48.859627222624155], [2.3295774891449614, 48.85951643550773], [2.3295543959012948, 48.85941430983356]]], ""type"": ""Polygon""}";48.86006303615076, 2.3276089231134742
CP000938;;75008;9;2;SNCF;CREATION_RESEAUX;Installation d'une base vie, pour les travaux Eole .;avenue Friedland;En vis à vis du n°15 au n° 19;2019-01-08;2022-12-31;RESTREINTE;Report de la circulation générale dans la contre-allée. Mise à sens unique de la rue Beaujon depuis la rue Balzac vers et jusqu'à l'avenue Friedland.;1;2;;"{""coordinates"": [[[2.3022762415128253, 48.87455169151426], [2.3028057592928275, 48.87461198924992], [2.303134645957697, 48.87456474363321], [2.302375006497757, 48.87446906007543], [2.3022762415128253, 48.87455169151426]]], ""type"": ""Polygon""}";48.87454675024232, 2.3026503044556415
CP002511;;75008;9;2;;RACCORDEMENT_RESEAU;Raccordement client;avenue Hoche;du 9 au 14;2023-06-26;2023-08-18;RESTREINTE;"Travaux par phases.
Maintien d'une voie dans chaque sens.";2;2;;"{""coordinates"": [[[2.30366442494139, 48.877183026074995], [2.3034563567009743, 48.87709567689248], [2.3032798687054346, 48.87739827484054], [2.3034521774299086, 48.87746209727839], [2.303663703718136, 48.877183021879766], [2.30366442494139, 48.877183026074995]]], ""type"": ""Polygon""}";48.877279430502405, 2.3034660863257583
CP002341;524191;75008;9;3;Groupama;REHABILITATION_IMMEUBLE;Travaux de restructuration du bâtiment;rue François 1er;au n° 21;2022-06-20;2024-05-31;RESTREINTE;Largeur chaussée circulée : 3.50m minimum avec passage en lice du n° 19 au 23;2;2;;"{""coordinates"": [[[2.3053115309504166, 48.86760573280608], [2.305248644751633, 48.86756110913281], [2.305049327349413, 48.86768559073597], [2.3050636326585967, 48.86769471582878], [2.3051101720714704, 48.86766690753373], [2.305156639071163, 48.867698587888626], [2.3053115309504166, 48.86760573280608]]], ""type"": ""Polygon""}";48.8676330859472, 2.3051956892887357
CP002459;;75008;9;1;Mission Vélo;REAMENAGEMENT_VOIRIE;Élargissement de trottoir et création d'une vélorue;rue d'Amsterdam;Entre rue de Londres et rue St Lazarepar phases;2023-02-27;2023-06-09;SENS_UNIQUE;"Depuis rue de Londres vers rue St Lazare
Fermeture de la rue d'Amsterdam en journée du 05/06 au 09/06";1;2;http://xdir-CGPub-prd.ressources.paris.mdp/PdfEtImages/ChantiersPerturbants/Pdf/LAR RV - Amsterdam phase 3 v2.pdf;"{""coordinates"": [[[[2.3268784688566457, 48.87771800434935], [2.32689512221268, 48.87771391157602], [2.3268825459661486, 48.87772410139226], [2.3270159040572094, 48.87770831596302], [2.326885782169951, 48.8758064152367], [2.326774092304693, 48.875628559101436], [2.3266674222431805, 48.875692405718006], [2.3268115378040934, 48.87588118508979], [2.3268784688566457, 48.87771800434935]]], [[[2.3268785281667386, 48.87771963967643], [2.326878707332502, 48.87772455555731], [2.3268823834672077, 48.87772412026395], [2.3268785281667386, 48.87771963967643]]], [[[2.3268824412328275, 48.87772418713964], [2.3268786726507003, 48.87772723898213], [2.326882777047406, 48.87772457844051], [2.3268824412328275, 48.87772418713964]]], [[[2.3268784688566457, 48.87771800434935], [2.3268773568072483, 48.8777182777901], [2.3268785281667386, 48.87771963967643], [2.3268784688566457, 48.87771800434935]]], [[[2.3268823834672077, 48.87772412026395], [2.3268824412328275, 48.87772418713964], [2.3268825459661486, 48.87772410139226], [2.3268823834672077, 48.87772412026395]]]], ""type"": ""MultiPolygon""}";48.87674147253893, 2.3268894105728504
CP002466;811036;75015;13;1;Mairie de Paris;REAMENAGEMENT_VOIRIE;Pérennisation piste cyclable + tapis;rue de Vaugirard;Entre la rue des Volontaires et la rue Abbé Groult;2023-02-23;2023-07-01;BARRAGE_TOTAL;"A. Groult à Cambronne (tapis) 23/02 > 01/07
Favorites à Cambronne (Infra) 23/02 > 03/04
Cambronne à Volontaires (Infra) 23/02 > 1/07
Volontaires à Pasteur (Infra) 17/04 > 01/07";1;2;;"{""coordinates"": [[[2.308061651858752, 48.84157100047559], [2.308109367201029, 48.841507027439604], [2.3081112170903175, 48.84150346854895], [2.305050904055012, 48.84060904830902], [2.3048771696390875, 48.8405248292815], [2.303204210397946, 48.84003999716482], [2.302640496862516, 48.83992666176847], [2.3024589956845065, 48.83981555217936], [2.302046232694425, 48.839665514810996], [2.301963977099507, 48.83973482323387], [2.3017776576086653, 48.83968005246163], [2.300405013047895, 48.83919527733191], [2.3001756102196116, 48.839097562523555], [2.299942524889946, 48.839005774146614], [2.298602667720331, 48.83832545128945], [2.2984517020005977, 48.83823937664262], [2.2983417363983674, 48.8383210654859], [2.298525678907857, 48.83842113540386], [2.2990798021064514, 48.83871183789351], [2.299344080014462, 48.83884283619596], [2.2999171617160474, 48.83911841665135], [2.300246908564154, 48.839260265599734], [2.3005180835627055, 48.83936131835684], [2.3006580200490063, 48.83941020429161], [2.3006797819486438, 48.83940033771744], [2.300737935133009, 48.83941876221018], [2.3007665159542774, 48.83943796624687], [2.300775638814836, 48.8394565798727], [2.3011330735197295, 48.83957717235611], [2.301523474121997, 48.83971270950531], [2.3020545238234895, 48.83989808530827], [2.302203949798837, 48.839938458267305], [2.302917778041254, 48.84009681703711], [2.3031592621323345, 48.840154382428025], [2.304126031684837, 48.84043080760955], [2.304130331929222, 48.84043273568959], [2.308061651858752, 48.84157100047559]]], ""type"": ""Polygon""}";48.83993949602202, 2.3027797197263706
CP002530;833081;75008;9;3;AG2R;REHABILITATION_IMMEUBLE;Travaux de curage;rue d'Anjou;du 74 au 76;2023-08-21;2023-12-31;RESTREINTE;Maintien de 4,00m;2;2;;"{""coordinates"": [[[[2.322879614448012, 48.87476042981404], [2.3229423621968954, 48.87477693506757], [2.3228507073238793, 48.874486622519576], [2.3227948291958285, 48.87448392676096], [2.322879614448012, 48.87476042981404]]], [[[2.3229423621968954, 48.87477693506757], [2.322942521951075, 48.87477744139976], [2.322944325611328, 48.874777451601325], [2.3229423621968954, 48.87477693506757]]]], ""type"": ""MultiPolygon""}";48.87462809857072, 2.3228674492215666
CP001840;329624;75008;9;3;DIOR;REHABILITATION_IMMEUBLE;Curage du 11/02/21 au 30/06/21;Rue Bassano;Entre Champs Elysées et Vernet;2021-02-11;2023-03-31;;;;2;;"{""coordinates"": [[[2.300177099535803, 48.87179744424186], [2.300177083550987, 48.87179863398033], [2.3002423429815932, 48.87177403083425], [2.3000338700130114, 48.871450387179046], [2.299938127929378, 48.87146172468321], [2.300177099535803, 48.87179744424186]]], ""type"": ""Polygon""}";48.87161455097908, 2.300093157220532
CP002431;;75007;12;1;STV-S;TRAVAUX_URGENCE;Affaissement sur chaussée au niveau du passage piétons;Avenue de la Bourdonnais;Au n° 42;2022-11-30;2022-12-09;BARRAGE_TOTAL;"Fermeture depuis l'avenue Joseph Bouvard (sens inverse circulé par Bus + vélos)
PP provisoire mis en place au n° 44 > 59 av de la Bourdonnais";1;2;;"{""coordinates"": [[[2.300436868882115, 48.85738463429441], [2.3005056992992268, 48.85741501847969], [2.3005333782553468, 48.85739471633848], [2.300466712057672, 48.85736434482023], [2.300436868882115, 48.85738463429441]]], ""type"": ""Polygon""}";48.85738963874837, 2.3004854545129785
CP002497;813499;75008;13;2;ENEDIS;INSPECTION_ENTRETIEN_RESEAU;Travaux sur réseau au niveau des traversées piétonnes de Cours la Reine;Cours la Reine;Sur le CR de Cours la Reine, av W. Churchill et pont Alexandre III;2023-06-01;2023-07-31;RESTREINTE;Traversées en 1/2 chaussée sans barrage total;2;2;;"{""coordinates"": [[[2.313272727905146, 48.86504868079077], [2.3133411873191205, 48.86505383203786], [2.3133395892593414, 48.86462788705387], [2.3134013836719918, 48.86459135930109], [2.313855836493906, 48.86459039608381], [2.3138587053106647, 48.86450950804759], [2.313274125587786, 48.864532330699], [2.313272727905146, 48.86504868079077]]], ""type"": ""Polygon""}";48.86466952891787, 2.3134613975493266
CP002513;821763;75015;13;3;NV BESIX;CONSTRUCTION_IMMEUBLE;Tour triangle;Rue d'Oradour sur Glane;Emprise située entre le 31 et 35 rue d'Oradour sur Glane;2023-06-01;2023-09-01;RESTREINTE;Impact sur le trottoir et sur la chaussée qui a une circulation restreinte;2;2;;"{""coordinates"": [[[2.284437296378733, 48.83073817436931], [2.2843811921020545, 48.83067878637683], [2.2837637478513586, 48.83093545774772], [2.2838320839853115, 48.83099223551874], [2.284437296378733, 48.83073817436931]]], ""type"": ""Polygon""}";48.830836713921045, 2.2841019775762783
CP002225;657954;75015;13;2;Eau de Paris;ENTRETIEN_RESEAU;;Rue de la Convention;Au N°181;2022-07-04;2023-05-12;RESTREINTE;Maintien de 3,20m dans chaque sens.;1;2;;"{""coordinates"": [[[2.295479386278059, 48.837744890373806], [2.29545468440474, 48.83772317164631], [2.2954024268768882, 48.83771366415922], [2.2952142796594037, 48.83780043875859], [2.2952627302037687, 48.83784292365037], [2.295479377659876, 48.83774552797773], [2.295479386278059, 48.837744890373806]]], ""type"": ""Polygon""}";48.83777410736606, 2.295344601047701
CP002438;748185;75015;13;2;CPCU;ENTRETIEN_RESEAU;Réparation fuite sur retour d'eau;Rue Ranelagh;Au 66-68;2022-12-19;2023-03-31;RESTREINTE;;2;2;;"{""coordinates"": [[[2.2726972075974885, 48.85496046717785], [2.272672980647936, 48.85493938011063], [2.2724333998051676, 48.855001219681895], [2.2724655580899804, 48.85502235592016], [2.272695031564903, 48.85496140637403], [2.2726964800440403, 48.85496093851724], [2.2726972075974885, 48.85496046717785]]], ""type"": ""Polygon""}";48.85498119843015, 2.2725660919693897
CP002505;;75008;9;1;STV;REAMENAGEMENT_VOIRIE;sécurisation du carrefour avec pose d'ilots;Avenue Hoche;Angle Beaujon;2023-06-05;2023-08-11;RESTREINTE;;2;2;http://xdir-CGPub-prd.ressources.paris.mdp/PdfEtImages/ChantiersPerturbants/Pdf/LAR Hoche-Beaujon (sécurisation).pdf;"{""coordinates"": [[[[2.2986789206299507, 48.875450941503466], [2.298979650442385, 48.87526899009673], [2.2982133584149063, 48.87493066907897], [2.2978589239466727, 48.87513203967248], [2.2986789206299507, 48.875450941503466]]], [[[2.298979650442385, 48.87526899009673], [2.2989807781161162, 48.875269487740866], [2.2989807941293225, 48.875268298006254], [2.298979650442385, 48.87526899009673]]]], ""type"": ""MultiPolygon""}";48.8751924166119, 2.2984238887427066
CP002525;;75008;9;1;Mairie de Paris;EVENEMENTIEL;Test EVEN JOP Triathlon;Cours la Reine;Cours la Reine, pont Alexandre III et quai d'Orsay;2023-07-10;2023-08-31;BARRAGE_TOTAL;Barrage cours la Reine, pont Alexandre III et quai d'Orsay;1;2;;"{""coordinates"": [[[2.310426977766905, 48.86499168384615], [2.313495144923471, 48.865046916104305], [2.3135009479201027, 48.864606560152275], [2.3104571545051016, 48.86455683831562], [2.310426977766905, 48.86499168384615]]], ""type"": ""Polygon""}";48.864800843799216, 2.311973005385207
CP002449;785942;75008;9;2;CPCU;TRAVAUX_OUVRAGE;Travaux sur réseau chauffage;Avenue des Champs Elysées;Au niveau du n° 15;2023-02-27;2023-04-28;RESTREINTE;"1 voie de circulation impacté + piste cyclable (déviée dans circulation Gle)
Perches à prévoir
1/2 passages piétons praticables";2;2;;"{""coordinates"": [[[2.3090533500593824, 48.86923091509933], [2.3093473462923413, 48.86913822382852], [2.3093255624059617, 48.86910359475129], [2.309017746393949, 48.8691958095784], [2.309051746478907, 48.86921583551672], [2.3090533500593824, 48.86923091509933]]], ""type"": ""Polygon""}";48.86916700266295, 2.3091858542828074
CP002470;815064;75008;9;1;Mission vélo;REAMENAGEMENT_VOIRIE;Aménagement de voirie pour circulations piétons, vélos, bus, ...;Rue d'Amsterdam;Entre la rue de Milan et la rue de Liège;2023-04-03;2023-06-02;SENS_UNIQUE;Travaux en 2 phases (basculement le 09/05/23) avec mise en sens unique à chaque phase en laissant 3ml de circulation, sur chaussée;2;2;;"{""coordinates"": [[[2.326713708005788, 48.87954336778098], [2.326729672432701, 48.879567614599175], [2.3269368182554837, 48.87959830364301], [2.327058895011921, 48.87959898991113], [2.327037231333224, 48.87875606963767], [2.327244478112033, 48.87877870700563], [2.3272246186015204, 48.878741018464204], [2.3270335430152382, 48.878726524617036], [2.326931779863896, 48.878728636138526], [2.326966031572669, 48.879542102065955], [2.3269372344855888, 48.87956609720354], [2.326713708005788, 48.87954336778098]]], ""type"": ""Polygon""}";48.87915694202732, 2.3269974224229872
CP002514;;75008;9;1;SAGP;REAMENAGEMENT_VOIRIE;création d'un passage piétons et reprise de chaussée;avenue Winston Churchill;Entre l'avenue du Général Eisenhower et Cours La Reine;2023-07-03;2023-08-01;RESTREINTE;"En 2 phases pour les travaux préparatoires de jour, avec maintien de 4,00m dans chaque sens.
Du 24/07 au 01/08 travaux de nuit sous fermeture totale.";2;2;;"{""coordinates"": [[[[2.313548697557658, 48.865104359753225], [2.313767301672893, 48.866990138785155], [2.314118432288324, 48.866965851920455], [2.31387435610712, 48.86510085716032], [2.313548697557658, 48.865104359753225]]], [[[2.313767301672893, 48.866990138785155], [2.3137599186222406, 48.86699064955161], [2.3137679883422284, 48.86699606671718], [2.313767301672893, 48.866990138785155]]]], ""type"": ""MultiPolygon""}";48.86605322920918, 2.3138284885681193
CP002528;831609;75015;13;2;RATP HTA;CREATION_RESEAUX;Renforcement réseau;Avenue du Maine/ rue Antoine Bourdelle;du 21 au 31 / du 1 au 5b;2023-07-31;2023-11-17;RESTREINTE;Traversée avenue du Maine en 3 phases.;2;2;;"{""coordinates"": [[[2.320386276272195, 48.84319205225712], [2.3193161608737354, 48.84300631005132], [2.3193103181191295, 48.84303959109515], [2.3206376436245333, 48.843268436685726], [2.320588530720174, 48.84344067664163], [2.320629863154601, 48.84345043025009], [2.320960049516706, 48.84273486249634], [2.3209023085985767, 48.84273929417193], [2.32067981331823, 48.84321394619878], [2.320386276272195, 48.84319205225712]]], ""type"": ""Polygon""}";48.84312206624551, 2.320365825748526
