sasdate,date_key,word_date,date,year,quarter,month,yearmonth,day_of_month,week,day_of_week,weekday,month_and_year,holiday,timezone_id,timezone,timezone_offset
22646,010122,2022-01-01,2022-01-01,2022,1,1,2022-01,1,0,Sat,7,1960-01,NEWYEAR,ETC/GMT+7,GMT-07:00,-25200
22647,010222,2022-01-02,2022-01-02,2022,1,1,2022-01,2,1,Sun,1,1960-01,,ETC/GMT+7,GMT-07:00,-25200
22648,010322,2022-01-03,2022-01-03,2022,1,1,2022-01,3,1,Mon,2,1960-01,,ETC/GMT+7,GMT-07:00,-25200
22649,010422,2022-01-04,2022-01-04,2022,1,1,2022-01,4,1,Tue,3,1960-01,,ETC/GMT+7,GMT-07:00,-25200
22650,010522,2022-01-05,2022-01-05,2022,1,1,2022-01,5,1,Wed,4,1960-01,,ETC/GMT+7,GMT-07:00,-25200
22651,010622,2022-01-06,2022-01-06,2022,1,1,2022-01,6,1,Thu,5,1960-01,,ETC/GMT+7,GMT-07:00,-25200
22652,010722,2022-01-07,2022-01-07,2022,1,1,2022-01,7,1,Fri,6,1960-01,,ETC/GMT+7,GMT-07:00,-25200
22653,010822,2022-01-08,2022-01-08,2022,1,1,2022-01,8,1,Sat,7,1960-01,,ETC/GMT+7,GMT-07:00,-25200
22654,010922,2022-01-09,2022-01-09,2022,1,1,2022-01,9,2,Sun,1,1960-01,,ETC/GMT+7,GMT-07:00,-25200
22655,011022,2022-01-10,2022-01-10,2022,1,1,2022-01,10,2,Mon,2,1960-01,,ETC/GMT+7,GMT-07:00,-25200
22656,011122,2022-01-11,2022-01-11,2022,1,1,2022-01,11,2,Tue,3,1960-01,,ETC/GMT+7,GMT-07:00,-25200
22657,011222,2022-01-12,2022-01-12,2022,1,1,2022-01,12,2,Wed,4,1960-01,,ETC/GMT+7,GMT-07:00,-25200
22658,011322,2022-01-13,2022-01-13,2022,1,1,2022-01,13,2,Thu,5,1960-01,,ETC/GMT+7,GMT-07:00,-25200
22659,011422,2022-01-14,2022-01-14,2022,1,1,2022-01,14,2,Fri,6,1960-01,,ETC/GMT+7,GMT-07:00,-25200
22660,011522,2022-01-15,2022-01-15,2022,1,1,2022-01,15,2,Sat,7,1960-01,,ETC/GMT+7,GMT-07:00,-25200
22661,011622,2022-01-16,2022-01-16,2022,1,1,2022-01,16,3,Sun,1,1960-01,,ETC/GMT+7,GMT-07:00,-25200
22662,011722,2022-01-17,2022-01-17,2022,1,1,2022-01,17,3,Mon,2,1960-01,MLK,ETC/GMT+7,GMT-07:00,-25200
22663,011822,2022-01-18,2022-01-18,2022,1,1,2022-01,18,3,Tue,3,1960-01,,ETC/GMT+7,GMT-07:00,-25200
22664,011922,2022-01-19,2022-01-19,2022,1,1,2022-01,19,3,Wed,4,1960-01,,ETC/GMT+7,GMT-07:00,-25200
22665,012022,2022-01-20,2022-01-20,2022,1,1,2022-01,20,3,Thu,5,1960-01,,ETC/GMT+7,GMT-07:00,-25200
22666,012122,2022-01-21,2022-01-21,2022,1,1,2022-01,21,3,Fri,6,1960-01,,ETC/GMT+7,GMT-07:00,-25200
22667,012222,2022-01-22,2022-01-22,2022,1,1,2022-01,22,3,Sat,7,1960-01,,ETC/GMT+7,GMT-07:00,-25200
22668,012322,2022-01-23,2022-01-23,2022,1,1,2022-01,23,4,Sun,1,1960-01,,ETC/GMT+7,GMT-07:00,-25200
22669,012422,2022-01-24,2022-01-24,2022,1,1,2022-01,24,4,Mon,2,1960-01,,ETC/GMT+7,GMT-07:00,-25200
22670,012522,2022-01-25,2022-01-25,2022,1,1,2022-01,25,4,Tue,3,1960-01,,ETC/GMT+7,GMT-07:00,-25200
22671,012622,2022-01-26,2022-01-26,2022,1,1,2022-01,26,4,Wed,4,1960-01,,ETC/GMT+7,GMT-07:00,-25200
22672,012722,2022-01-27,2022-01-27,2022,1,1,2022-01,27,4,Thu,5,1960-01,,ETC/GMT+7,GMT-07:00,-25200
22673,012822,2022-01-28,2022-01-28,2022,1,1,2022-01,28,4,Fri,6,1960-01,,ETC/GMT+7,GMT-07:00,-25200
22674,012922,2022-01-29,2022-01-29,2022,1,1,2022-01,29,4,Sat,7,1960-01,,ETC/GMT+7,GMT-07:00,-25200
22675,013022,2022-01-30,2022-01-30,2022,1,1,2022-01,30,5,Sun,1,1960-01,,ETC/GMT+7,GMT-07:00,-25200
22676,013122,2022-01-31,2022-01-31,2022,1,1,2022-01,31,5,Mon,2,1960-01,,ETC/GMT+7,GMT-07:00,-25200
22677,020122,2022-02-01,2022-02-01,2022,1,2,2022-02,1,5,Tue,3,1960-01,,ETC/GMT+7,GMT-07:00,-25200
22678,020222,2022-02-02,2022-02-02,2022,1,2,2022-02,2,5,Wed,4,1960-01,,ETC/GMT+7,GMT-07:00,-25200
22679,020322,2022-02-03,2022-02-03,2022,1,2,2022-02,3,5,Thu,5,1960-01,,ETC/GMT+7,GMT-07:00,-25200
22680,020422,2022-02-04,2022-02-04,2022,1,2,2022-02,4,5,Fri,6,1960-01,,ETC/GMT+7,GMT-07:00,-25200
22681,020522,2022-02-05,2022-02-05,2022,1,2,2022-02,5,5,Sat,7,1960-01,,ETC/GMT+7,GMT-07:00,-25200
22682,020622,2022-02-06,2022-02-06,2022,1,2,2022-02,6,6,Sun,1,1960-01,,ETC/GMT+7,GMT-07:00,-25200
22683,020722,2022-02-07,2022-02-07,2022,1,2,2022-02,7,6,Mon,2,1960-01,,ETC/GMT+7,GMT-07:00,-25200
22684,020822,2022-02-08,2022-02-08,2022,1,2,2022-02,8,6,Tue,3,1960-01,,ETC/GMT+7,GMT-07:00,-25200
22685,020922,2022-02-09,2022-02-09,2022,1,2,2022-02,9,6,Wed,4,1960-01,,ETC/GMT+7,GMT-07:00,-25200
22686,021022,2022-02-10,2022-02-10,2022,1,2,2022-02,10,6,Thu,5,1960-01,,ETC/GMT+7,GMT-07:00,-25200
22687,021122,2022-02-11,2022-02-11,2022,1,2,2022-02,11,6,Fri,6,1960-01,,ETC/GMT+7,GMT-07:00,-25200
22688,021222,2022-02-12,2022-02-12,2022,1,2,2022-02,12,6,Sat,7,1960-01,,ETC/GMT+7,GMT-07:00,-25200
22689,021322,2022-02-13,2022-02-13,2022,1,2,2022-02,13,7,Sun,1,1960-01,,ETC/GMT+7,GMT-07:00,-25200
22690,021422,2022-02-14,2022-02-14,2022,1,2,2022-02,14,7,Mon,2,1960-01,VALENTINES,ETC/GMT+7,GMT-07:00,-25200
22691,021522,2022-02-15,2022-02-15,2022,1,2,2022-02,15,7,Tue,3,1960-01,,ETC/GMT+7,GMT-07:00,-25200
22692,021622,2022-02-16,2022-02-16,2022,1,2,2022-02,16,7,Wed,4,1960-01,,ETC/GMT+7,GMT-07:00,-25200
22693,021722,2022-02-17,2022-02-17,2022,1,2,2022-02,17,7,Thu,5,1960-01,,ETC/GMT+7,GMT-07:00,-25200
22694,021822,2022-02-18,2022-02-18,2022,1,2,2022-02,18,7,Fri,6,1960-01,,ETC/GMT+7,GMT-07:00,-25200
22695,021922,2022-02-19,2022-02-19,2022,1,2,2022-02,19,7,Sat,7,1960-01,,ETC/GMT+7,GMT-07:00,-25200
22696,022022,2022-02-20,2022-02-20,2022,1,2,2022-02,20,8,Sun,1,1960-01,,ETC/GMT+7,GMT-07:00,-25200
22697,022122,2022-02-21,2022-02-21,2022,1,2,2022-02,21,8,Mon,2,1960-01,USPRESIDENTS,ETC/GMT+7,GMT-07:00,-25200
22698,022222,2022-02-22,2022-02-22,2022,1,2,2022-02,22,8,Tue,3,1960-01,,ETC/GMT+7,GMT-07:00,-25200
22699,022322,2022-02-23,2022-02-23,2022,1,2,2022-02,23,8,Wed,4,1960-01,,ETC/GMT+7,GMT-07:00,-25200
22700,022422,2022-02-24,2022-02-24,2022,1,2,2022-02,24,8,Thu,5,1960-01,,ETC/GMT+7,GMT-07:00,-25200
22701,022522,2022-02-25,2022-02-25,2022,1,2,2022-02,25,8,Fri,6,1960-01,,ETC/GMT+7,GMT-07:00,-25200
22702,022622,2022-02-26,2022-02-26,2022,1,2,2022-02,26,8,Sat,7,1960-01,,ETC/GMT+7,GMT-07:00,-25200
22703,022722,2022-02-27,2022-02-27,2022,1,2,2022-02,27,9,Sun,1,1960-01,,ETC/GMT+7,GMT-07:00,-25200
22704,022822,2022-02-28,2022-02-28,2022,1,2,2022-02,28,9,Mon,2,1960-01,,ETC/GMT+7,GMT-07:00,-25200
22705,030122,2022-03-01,2022-03-01,2022,1,3,2022-03,1,9,Tue,3,1960-01,,ETC/GMT+7,GMT-07:00,-25200
22706,030222,2022-03-02,2022-03-02,2022,1,3,2022-03,2,9,Wed,4,1960-01,,ETC/GMT+7,GMT-07:00,-25200
22707,030322,2022-03-03,2022-03-03,2022,1,3,2022-03,3,9,Thu,5,1960-01,,ETC/GMT+7,GMT-07:00,-25200
22708,030422,2022-03-04,2022-03-04,2022,1,3,2022-03,4,9,Fri,6,1960-01,,ETC/GMT+7,GMT-07:00,-25200
22709,030522,2022-03-05,2022-03-05,2022,1,3,2022-03,5,9,Sat,7,1960-01,,ETC/GMT+7,GMT-07:00,-25200
22710,030622,2022-03-06,2022-03-06,2022,1,3,2022-03,6,10,Sun,1,1960-01,,ETC/GMT+7,GMT-07:00,-25200
22711,030722,2022-03-07,2022-03-07,2022,1,3,2022-03,7,10,Mon,2,1960-01,,ETC/GMT+7,GMT-07:00,-25200
22712,030822,2022-03-08,2022-03-08,2022,1,3,2022-03,8,10,Tue,3,1960-01,,ETC/GMT+7,GMT-07:00,-25200
22713,030922,2022-03-09,2022-03-09,2022,1,3,2022-03,9,10,Wed,4,1960-01,,ETC/GMT+7,GMT-07:00,-25200
22714,031022,2022-03-10,2022-03-10,2022,1,3,2022-03,10,10,Thu,5,1960-01,,ETC/GMT+7,GMT-07:00,-25200
22715,031122,2022-03-11,2022-03-11,2022,1,3,2022-03,11,10,Fri,6,1960-01,,ETC/GMT+7,GMT-07:00,-25200
22716,031222,2022-03-12,2022-03-12,2022,1,3,2022-03,12,10,Sat,7,1960-01,,ETC/GMT+7,GMT-07:00,-25200
22717,031322,2022-03-13,2022-03-13,2022,1,3,2022-03,13,11,Sun,1,1960-01,,ETC/GMT+7,GMT-07:00,-25200
22718,031422,2022-03-14,2022-03-14,2022,1,3,2022-03,14,11,Mon,2,1960-01,,ETC/GMT+7,GMT-07:00,-25200
22719,031522,2022-03-15,2022-03-15,2022,1,3,2022-03,15,11,Tue,3,1960-01,,ETC/GMT+7,GMT-07:00,-25200
22720,031622,2022-03-16,2022-03-16,2022,1,3,2022-03,16,11,Wed,4,1960-01,,ETC/GMT+7,GMT-07:00,-25200
22721,031722,2022-03-17,2022-03-17,2022,1,3,2022-03,17,11,Thu,5,1960-01,,ETC/GMT+7,GMT-07:00,-25200
22722,031822,2022-03-18,2022-03-18,2022,1,3,2022-03,18,11,Fri,6,1960-01,,ETC/GMT+7,GMT-07:00,-25200
22723,031922,2022-03-19,2022-03-19,2022,1,3,2022-03,19,11,Sat,7,1960-01,,ETC/GMT+7,GMT-07:00,-25200
22724,032022,2022-03-20,2022-03-20,2022,1,3,2022-03,20,12,Sun,1,1960-01,,ETC/GMT+7,GMT-07:00,-25200
22725,032122,2022-03-21,2022-03-21,2022,1,3,2022-03,21,12,Mon,2,1960-01,,ETC/GMT+7,GMT-07:00,-25200
22726,032222,2022-03-22,2022-03-22,2022,1,3,2022-03,22,12,Tue,3,1960-01,,ETC/GMT+7,GMT-07:00,-25200
22727,032322,2022-03-23,2022-03-23,2022,1,3,2022-03,23,12,Wed,4,1960-01,,ETC/GMT+7,GMT-07:00,-25200
22728,032422,2022-03-24,2022-03-24,2022,1,3,2022-03,24,12,Thu,5,1960-01,,ETC/GMT+7,GMT-07:00,-25200
22729,032522,2022-03-25,2022-03-25,2022,1,3,2022-03,25,12,Fri,6,1960-01,,ETC/GMT+7,GMT-07:00,-25200
22730,032622,2022-03-26,2022-03-26,2022,1,3,2022-03,26,12,Sat,7,1960-01,,ETC/GMT+7,GMT-07:00,-25200
22731,032722,2022-03-27,2022-03-27,2022,1,3,2022-03,27,13,Sun,1,1960-01,,ETC/GMT+7,GMT-07:00,-25200
22732,032822,2022-03-28,2022-03-28,2022,1,3,2022-03,28,13,Mon,2,1960-01,,ETC/GMT+7,GMT-07:00,-25200
22733,032922,2022-03-29,2022-03-29,2022,1,3,2022-03,29,13,Tue,3,1960-01,,ETC/GMT+7,GMT-07:00,-25200
22734,033022,2022-03-30,2022-03-30,2022,1,3,2022-03,30,13,Wed,4,1960-01,,ETC/GMT+7,GMT-07:00,-25200
22735,033122,2022-03-31,2022-03-31,2022,1,3,2022-03,31,13,Thu,5,1960-01,,ETC/GMT+7,GMT-07:00,-25200
22736,040122,2022-04-01,2022-04-01,2022,2,4,2022-04,1,13,Fri,6,1960-01,,ETC/GMT+7,GMT-07:00,-25200
22737,040222,2022-04-02,2022-04-02,2022,2,4,2022-04,2,13,Sat,7,1960-01,,ETC/GMT+7,GMT-07:00,-25200
22738,040322,2022-04-03,2022-04-03,2022,2,4,2022-04,3,14,Sun,1,1960-01,,ETC/GMT+7,GMT-07:00,-25200
22739,040422,2022-04-04,2022-04-04,2022,2,4,2022-04,4,14,Mon,2,1960-01,,ETC/GMT+7,GMT-07:00,-25200
22740,040522,2022-04-05,2022-04-05,2022,2,4,2022-04,5,14,Tue,3,1960-01,,ETC/GMT+7,GMT-07:00,-25200
22741,040622,2022-04-06,2022-04-06,2022,2,4,2022-04,6,14,Wed,4,1960-01,,ETC/GMT+7,GMT-07:00,-25200
22742,040722,2022-04-07,2022-04-07,2022,2,4,2022-04,7,14,Thu,5,1960-01,,ETC/GMT+7,GMT-07:00,-25200
22743,040822,2022-04-08,2022-04-08,2022,2,4,2022-04,8,14,Fri,6,1960-01,,ETC/GMT+7,GMT-07:00,-25200
22744,040922,2022-04-09,2022-04-09,2022,2,4,2022-04,9,14,Sat,7,1960-01,,ETC/GMT+7,GMT-07:00,-25200
22745,041022,2022-04-10,2022-04-10,2022,2,4,2022-04,10,15,Sun,1,1960-01,,ETC/GMT+7,GMT-07:00,-25200
22746,041122,2022-04-11,2022-04-11,2022,2,4,2022-04,11,15,Mon,2,1960-01,,ETC/GMT+7,GMT-07:00,-25200
22747,041222,2022-04-12,2022-04-12,2022,2,4,2022-04,12,15,Tue,3,1960-01,,ETC/GMT+7,GMT-07:00,-25200
22748,041322,2022-04-13,2022-04-13,2022,2,4,2022-04,13,15,Wed,4,1960-01,,ETC/GMT+7,GMT-07:00,-25200
22749,041422,2022-04-14,2022-04-14,2022,2,4,2022-04,14,15,Thu,5,1960-01,,ETC/GMT+7,GMT-07:00,-25200
22750,041522,2022-04-15,2022-04-15,2022,2,4,2022-04,15,15,Fri,6,1960-01,,ETC/GMT+7,GMT-07:00,-25200
22751,041622,2022-04-16,2022-04-16,2022,2,4,2022-04,16,15,Sat,7,1960-01,,ETC/GMT+7,GMT-07:00,-25200
22752,041722,2022-04-17,2022-04-17,2022,2,4,2022-04,17,16,Sun,1,1960-01,EASTER,ETC/GMT+7,GMT-07:00,-25200
22753,041822,2022-04-18,2022-04-18,2022,2,4,2022-04,18,16,Mon,2,1960-01,,ETC/GMT+7,GMT-07:00,-25200
22754,041922,2022-04-19,2022-04-19,2022,2,4,2022-04,19,16,Tue,3,1960-01,,ETC/GMT+7,GMT-07:00,-25200
22755,042022,2022-04-20,2022-04-20,2022,2,4,2022-04,20,16,Wed,4,1960-01,,ETC/GMT+7,GMT-07:00,-25200
22756,042122,2022-04-21,2022-04-21,2022,2,4,2022-04,21,16,Thu,5,1960-01,,ETC/GMT+7,GMT-07:00,-25200
22757,042222,2022-04-22,2022-04-22,2022,2,4,2022-04,22,16,Fri,6,1960-01,,ETC/GMT+7,GMT-07:00,-25200
22758,042322,2022-04-23,2022-04-23,2022,2,4,2022-04,23,16,Sat,7,1960-01,,ETC/GMT+7,GMT-07:00,-25200
22759,042422,2022-04-24,2022-04-24,2022,2,4,2022-04,24,17,Sun,1,1960-01,,ETC/GMT+7,GMT-07:00,-25200
22760,042522,2022-04-25,2022-04-25,2022,2,4,2022-04,25,17,Mon,2,1960-01,,ETC/GMT+7,GMT-07:00,-25200
22761,042622,2022-04-26,2022-04-26,2022,2,4,2022-04,26,17,Tue,3,1960-01,,ETC/GMT+7,GMT-07:00,-25200
22762,042722,2022-04-27,2022-04-27,2022,2,4,2022-04,27,17,Wed,4,1960-01,,ETC/GMT+7,GMT-07:00,-25200
22763,042822,2022-04-28,2022-04-28,2022,2,4,2022-04,28,17,Thu,5,1960-01,,ETC/GMT+7,GMT-07:00,-25200
22764,042922,2022-04-29,2022-04-29,2022,2,4,2022-04,29,17,Fri,6,1960-01,,ETC/GMT+7,GMT-07:00,-25200
22765,043022,2022-04-30,2022-04-30,2022,2,4,2022-04,30,17,Sat,7,1960-01,,ETC/GMT+7,GMT-07:00,-25200
22766,050122,2022-05-01,2022-05-01,2022,2,5,2022-05,1,18,Sun,1,1960-01,,ETC/GMT+7,GMT-07:00,-25200
22767,050222,2022-05-02,2022-05-02,2022,2,5,2022-05,2,18,Mon,2,1960-01,,ETC/GMT+7,GMT-07:00,-25200
22768,050322,2022-05-03,2022-05-03,2022,2,5,2022-05,3,18,Tue,3,1960-01,,ETC/GMT+7,GMT-07:00,-25200
22769,050422,2022-05-04,2022-05-04,2022,2,5,2022-05,4,18,Wed,4,1960-01,,ETC/GMT+7,GMT-07:00,-25200
22770,050522,2022-05-05,2022-05-05,2022,2,5,2022-05,5,18,Thu,5,1960-01,,ETC/GMT+7,GMT-07:00,-25200
22771,050622,2022-05-06,2022-05-06,2022,2,5,2022-05,6,18,Fri,6,1960-01,,ETC/GMT+7,GMT-07:00,-25200
22772,050722,2022-05-07,2022-05-07,2022,2,5,2022-05,7,18,Sat,7,1960-01,,ETC/GMT+7,GMT-07:00,-25200
22773,050822,2022-05-08,2022-05-08,2022,2,5,2022-05,8,19,Sun,1,1960-01,MOTHERS,ETC/GMT+7,GMT-07:00,-25200
22774,050922,2022-05-09,2022-05-09,2022,2,5,2022-05,9,19,Mon,2,1960-01,,ETC/GMT+7,GMT-07:00,-25200
22775,051022,2022-05-10,2022-05-10,2022,2,5,2022-05,10,19,Tue,3,1960-01,,ETC/GMT+7,GMT-07:00,-25200
22776,051122,2022-05-11,2022-05-11,2022,2,5,2022-05,11,19,Wed,4,1960-01,,ETC/GMT+7,GMT-07:00,-25200
22777,051222,2022-05-12,2022-05-12,2022,2,5,2022-05,12,19,Thu,5,1960-01,,ETC/GMT+7,GMT-07:00,-25200
22778,051322,2022-05-13,2022-05-13,2022,2,5,2022-05,13,19,Fri,6,1960-01,,ETC/GMT+7,GMT-07:00,-25200
22779,051422,2022-05-14,2022-05-14,2022,2,5,2022-05,14,19,Sat,7,1960-01,,ETC/GMT+7,GMT-07:00,-25200
22780,051522,2022-05-15,2022-05-15,2022,2,5,2022-05,15,20,Sun,1,1960-01,,ETC/GMT+7,GMT-07:00,-25200
22781,051622,2022-05-16,2022-05-16,2022,2,5,2022-05,16,20,Mon,2,1960-01,,ETC/GMT+7,GMT-07:00,-25200
22782,051722,2022-05-17,2022-05-17,2022,2,5,2022-05,17,20,Tue,3,1960-01,,ETC/GMT+7,GMT-07:00,-25200
22783,051822,2022-05-18,2022-05-18,2022,2,5,2022-05,18,20,Wed,4,1960-01,,ETC/GMT+7,GMT-07:00,-25200
22784,051922,2022-05-19,2022-05-19,2022,2,5,2022-05,19,20,Thu,5,1960-01,,ETC/GMT+7,GMT-07:00,-25200
22785,052022,2022-05-20,2022-05-20,2022,2,5,2022-05,20,20,Fri,6,1960-01,,ETC/GMT+7,GMT-07:00,-25200
22786,052122,2022-05-21,2022-05-21,2022,2,5,2022-05,21,20,Sat,7,1960-01,,ETC/GMT+7,GMT-07:00,-25200
22787,052222,2022-05-22,2022-05-22,2022,2,5,2022-05,22,21,Sun,1,1960-01,,ETC/GMT+7,GMT-07:00,-25200
22788,052322,2022-05-23,2022-05-23,2022,2,5,2022-05,23,21,Mon,2,1960-01,VICTORIA,ETC/GMT+7,GMT-07:00,-25200
22789,052422,2022-05-24,2022-05-24,2022,2,5,2022-05,24,21,Tue,3,1960-01,,ETC/GMT+7,GMT-07:00,-25200
22790,052522,2022-05-25,2022-05-25,2022,2,5,2022-05,25,21,Wed,4,1960-01,,ETC/GMT+7,GMT-07:00,-25200
22791,052622,2022-05-26,2022-05-26,2022,2,5,2022-05,26,21,Thu,5,1960-01,,ETC/GMT+7,GMT-07:00,-25200
22792,052722,2022-05-27,2022-05-27,2022,2,5,2022-05,27,21,Fri,6,1960-01,,ETC/GMT+7,GMT-07:00,-25200
22793,052822,2022-05-28,2022-05-28,2022,2,5,2022-05,28,21,Sat,7,1960-01,,ETC/GMT+7,GMT-07:00,-25200
22794,052922,2022-05-29,2022-05-29,2022,2,5,2022-05,29,22,Sun,1,1960-01,,ETC/GMT+7,GMT-07:00,-25200
22795,053022,2022-05-30,2022-05-30,2022,2,5,2022-05,30,22,Mon,2,1960-01,MEMORIAL,ETC/GMT+7,GMT-07:00,-25200
22796,053122,2022-05-31,2022-05-31,2022,2,5,2022-05,31,22,Tue,3,1960-01,,ETC/GMT+7,GMT-07:00,-25200
22797,060122,2022-06-01,2022-06-01,2022,2,6,2022-06,1,22,Wed,4,1960-01,,ETC/GMT+7,GMT-07:00,-25200
22798,060222,2022-06-02,2022-06-02,2022,2,6,2022-06,2,22,Thu,5,1960-01,,ETC/GMT+7,GMT-07:00,-25200
22799,060322,2022-06-03,2022-06-03,2022,2,6,2022-06,3,22,Fri,6,1960-01,,ETC/GMT+7,GMT-07:00,-25200
22800,060422,2022-06-04,2022-06-04,2022,2,6,2022-06,4,22,Sat,7,1960-01,,ETC/GMT+7,GMT-07:00,-25200
22801,060522,2022-06-05,2022-06-05,2022,2,6,2022-06,5,23,Sun,1,1960-01,,ETC/GMT+7,GMT-07:00,-25200
22802,060622,2022-06-06,2022-06-06,2022,2,6,2022-06,6,23,Mon,2,1960-01,,ETC/GMT+7,GMT-07:00,-25200
22803,060722,2022-06-07,2022-06-07,2022,2,6,2022-06,7,23,Tue,3,1960-01,,ETC/GMT+7,GMT-07:00,-25200
22804,060822,2022-06-08,2022-06-08,2022,2,6,2022-06,8,23,Wed,4,1960-01,,ETC/GMT+7,GMT-07:00,-25200
22805,060922,2022-06-09,2022-06-09,2022,2,6,2022-06,9,23,Thu,5,1960-01,,ETC/GMT+7,GMT-07:00,-25200
22806,061022,2022-06-10,2022-06-10,2022,2,6,2022-06,10,23,Fri,6,1960-01,,ETC/GMT+7,GMT-07:00,-25200
22807,061122,2022-06-11,2022-06-11,2022,2,6,2022-06,11,23,Sat,7,1960-01,,ETC/GMT+7,GMT-07:00,-25200
22808,061222,2022-06-12,2022-06-12,2022,2,6,2022-06,12,24,Sun,1,1960-01,,ETC/GMT+7,GMT-07:00,-25200
22809,061322,2022-06-13,2022-06-13,2022,2,6,2022-06,13,24,Mon,2,1960-01,,ETC/GMT+7,GMT-07:00,-25200
22810,061422,2022-06-14,2022-06-14,2022,2,6,2022-06,14,24,Tue,3,1960-01,,ETC/GMT+7,GMT-07:00,-25200
22811,061522,2022-06-15,2022-06-15,2022,2,6,2022-06,15,24,Wed,4,1960-01,,ETC/GMT+7,GMT-07:00,-25200
22812,061622,2022-06-16,2022-06-16,2022,2,6,2022-06,16,24,Thu,5,1960-01,,ETC/GMT+7,GMT-07:00,-25200
22813,061722,2022-06-17,2022-06-17,2022,2,6,2022-06,17,24,Fri,6,1960-01,,ETC/GMT+7,GMT-07:00,-25200
22814,061822,2022-06-18,2022-06-18,2022,2,6,2022-06,18,24,Sat,7,1960-01,,ETC/GMT+7,GMT-07:00,-25200
22815,061922,2022-06-19,2022-06-19,2022,2,6,2022-06,19,25,Sun,1,1960-01,FATHERS,ETC/GMT+7,GMT-07:00,-25200
22816,062022,2022-06-20,2022-06-20,2022,2,6,2022-06,20,25,Mon,2,1960-01,,ETC/GMT+7,GMT-07:00,-25200
22817,062122,2022-06-21,2022-06-21,2022,2,6,2022-06,21,25,Tue,3,1960-01,,ETC/GMT+7,GMT-07:00,-25200
22818,062222,2022-06-22,2022-06-22,2022,2,6,2022-06,22,25,Wed,4,1960-01,,ETC/GMT+7,GMT-07:00,-25200
22819,062322,2022-06-23,2022-06-23,2022,2,6,2022-06,23,25,Thu,5,1960-01,,ETC/GMT+7,GMT-07:00,-25200
22820,062422,2022-06-24,2022-06-24,2022,2,6,2022-06,24,25,Fri,6,1960-01,,ETC/GMT+7,GMT-07:00,-25200
22821,062522,2022-06-25,2022-06-25,2022,2,6,2022-06,25,25,Sat,7,1960-01,,ETC/GMT+7,GMT-07:00,-25200
22822,062622,2022-06-26,2022-06-26,2022,2,6,2022-06,26,26,Sun,1,1960-01,,ETC/GMT+7,GMT-07:00,-25200
22823,062722,2022-06-27,2022-06-27,2022,2,6,2022-06,27,26,Mon,2,1960-01,,ETC/GMT+7,GMT-07:00,-25200
22824,062822,2022-06-28,2022-06-28,2022,2,6,2022-06,28,26,Tue,3,1960-01,,ETC/GMT+7,GMT-07:00,-25200
22825,062922,2022-06-29,2022-06-29,2022,2,6,2022-06,29,26,Wed,4,1960-01,,ETC/GMT+7,GMT-07:00,-25200
22826,063022,2022-06-30,2022-06-30,2022,2,6,2022-06,30,26,Thu,5,1960-01,,ETC/GMT+7,GMT-07:00,-25200
22827,070122,2022-07-01,2022-07-01,2022,3,7,2022-07,1,26,Fri,6,1960-01,CANADA,ETC/GMT+7,GMT-07:00,-25200
22828,070222,2022-07-02,2022-07-02,2022,3,7,2022-07,2,26,Sat,7,1960-01,,ETC/GMT+7,GMT-07:00,-25200
22829,070322,2022-07-03,2022-07-03,2022,3,7,2022-07,3,27,Sun,1,1960-01,,ETC/GMT+7,GMT-07:00,-25200
22830,070422,2022-07-04,2022-07-04,2022,3,7,2022-07,4,27,Mon,2,1960-01,USINDEPENDENCE,ETC/GMT+7,GMT-07:00,-25200
22831,070522,2022-07-05,2022-07-05,2022,3,7,2022-07,5,27,Tue,3,1960-01,,ETC/GMT+7,GMT-07:00,-25200
22832,070622,2022-07-06,2022-07-06,2022,3,7,2022-07,6,27,Wed,4,1960-01,,ETC/GMT+7,GMT-07:00,-25200
22833,070722,2022-07-07,2022-07-07,2022,3,7,2022-07,7,27,Thu,5,1960-01,,ETC/GMT+7,GMT-07:00,-25200
22834,070822,2022-07-08,2022-07-08,2022,3,7,2022-07,8,27,Fri,6,1960-01,,ETC/GMT+7,GMT-07:00,-25200
22835,070922,2022-07-09,2022-07-09,2022,3,7,2022-07,9,27,Sat,7,1960-01,,ETC/GMT+7,GMT-07:00,-25200
22836,071022,2022-07-10,2022-07-10,2022,3,7,2022-07,10,28,Sun,1,1960-01,,ETC/GMT+7,GMT-07:00,-25200
22837,071122,2022-07-11,2022-07-11,2022,3,7,2022-07,11,28,Mon,2,1960-01,,ETC/GMT+7,GMT-07:00,-25200
22838,071222,2022-07-12,2022-07-12,2022,3,7,2022-07,12,28,Tue,3,1960-01,,ETC/GMT+7,GMT-07:00,-25200
22839,071322,2022-07-13,2022-07-13,2022,3,7,2022-07,13,28,Wed,4,1960-01,,ETC/GMT+7,GMT-07:00,-25200
22840,071422,2022-07-14,2022-07-14,2022,3,7,2022-07,14,28,Thu,5,1960-01,,ETC/GMT+7,GMT-07:00,-25200
22841,071522,2022-07-15,2022-07-15,2022,3,7,2022-07,15,28,Fri,6,1960-01,,ETC/GMT+7,GMT-07:00,-25200
22842,071622,2022-07-16,2022-07-16,2022,3,7,2022-07,16,28,Sat,7,1960-01,,ETC/GMT+7,GMT-07:00,-25200
22843,071722,2022-07-17,2022-07-17,2022,3,7,2022-07,17,29,Sun,1,1960-01,,ETC/GMT+7,GMT-07:00,-25200
22844,071822,2022-07-18,2022-07-18,2022,3,7,2022-07,18,29,Mon,2,1960-01,,ETC/GMT+7,GMT-07:00,-25200
22845,071922,2022-07-19,2022-07-19,2022,3,7,2022-07,19,29,Tue,3,1960-01,,ETC/GMT+7,GMT-07:00,-25200
22846,072022,2022-07-20,2022-07-20,2022,3,7,2022-07,20,29,Wed,4,1960-01,,ETC/GMT+7,GMT-07:00,-25200
22847,072122,2022-07-21,2022-07-21,2022,3,7,2022-07,21,29,Thu,5,1960-01,,ETC/GMT+7,GMT-07:00,-25200
22848,072222,2022-07-22,2022-07-22,2022,3,7,2022-07,22,29,Fri,6,1960-01,,ETC/GMT+7,GMT-07:00,-25200
22849,072322,2022-07-23,2022-07-23,2022,3,7,2022-07,23,29,Sat,7,1960-01,,ETC/GMT+7,GMT-07:00,-25200
22850,072422,2022-07-24,2022-07-24,2022,3,7,2022-07,24,30,Sun,1,1960-01,,ETC/GMT+7,GMT-07:00,-25200
22851,072522,2022-07-25,2022-07-25,2022,3,7,2022-07,25,30,Mon,2,1960-01,,ETC/GMT+7,GMT-07:00,-25200
22852,072622,2022-07-26,2022-07-26,2022,3,7,2022-07,26,30,Tue,3,1960-01,,ETC/GMT+7,GMT-07:00,-25200
22853,072722,2022-07-27,2022-07-27,2022,3,7,2022-07,27,30,Wed,4,1960-01,,ETC/GMT+7,GMT-07:00,-25200
22854,072822,2022-07-28,2022-07-28,2022,3,7,2022-07,28,30,Thu,5,1960-01,,ETC/GMT+7,GMT-07:00,-25200
22855,072922,2022-07-29,2022-07-29,2022,3,7,2022-07,29,30,Fri,6,1960-01,,ETC/GMT+7,GMT-07:00,-25200
22856,073022,2022-07-30,2022-07-30,2022,3,7,2022-07,30,30,Sat,7,1960-01,,ETC/GMT+7,GMT-07:00,-25200
22857,073122,2022-07-31,2022-07-31,2022,3,7,2022-07,31,31,Sun,1,1960-01,,ETC/GMT+7,GMT-07:00,-25200
22858,080122,2022-08-01,2022-08-01,2022,3,8,2022-08,1,31,Mon,2,1960-01,,ETC/GMT+7,GMT-07:00,-25200
22859,080222,2022-08-02,2022-08-02,2022,3,8,2022-08,2,31,Tue,3,1960-01,,ETC/GMT+7,GMT-07:00,-25200
22860,080322,2022-08-03,2022-08-03,2022,3,8,2022-08,3,31,Wed,4,1960-01,,ETC/GMT+7,GMT-07:00,-25200
22861,080422,2022-08-04,2022-08-04,2022,3,8,2022-08,4,31,Thu,5,1960-01,,ETC/GMT+7,GMT-07:00,-25200
22862,080522,2022-08-05,2022-08-05,2022,3,8,2022-08,5,31,Fri,6,1960-01,,ETC/GMT+7,GMT-07:00,-25200
22863,080622,2022-08-06,2022-08-06,2022,3,8,2022-08,6,31,Sat,7,1960-01,,ETC/GMT+7,GMT-07:00,-25200
22864,080722,2022-08-07,2022-08-07,2022,3,8,2022-08,7,32,Sun,1,1960-01,,ETC/GMT+7,GMT-07:00,-25200
22865,080822,2022-08-08,2022-08-08,2022,3,8,2022-08,8,32,Mon,2,1960-01,,ETC/GMT+7,GMT-07:00,-25200
22866,080922,2022-08-09,2022-08-09,2022,3,8,2022-08,9,32,Tue,3,1960-01,,ETC/GMT+7,GMT-07:00,-25200
22867,081022,2022-08-10,2022-08-10,2022,3,8,2022-08,10,32,Wed,4,1960-01,,ETC/GMT+7,GMT-07:00,-25200
22868,081122,2022-08-11,2022-08-11,2022,3,8,2022-08,11,32,Thu,5,1960-01,,ETC/GMT+7,GMT-07:00,-25200
22869,081222,2022-08-12,2022-08-12,2022,3,8,2022-08,12,32,Fri,6,1960-01,,ETC/GMT+7,GMT-07:00,-25200
22870,081322,2022-08-13,2022-08-13,2022,3,8,2022-08,13,32,Sat,7,1960-01,,ETC/GMT+7,GMT-07:00,-25200
22871,081422,2022-08-14,2022-08-14,2022,3,8,2022-08,14,33,Sun,1,1960-01,,ETC/GMT+7,GMT-07:00,-25200
22872,081522,2022-08-15,2022-08-15,2022,3,8,2022-08,15,33,Mon,2,1960-01,,ETC/GMT+7,GMT-07:00,-25200
22873,081622,2022-08-16,2022-08-16,2022,3,8,2022-08,16,33,Tue,3,1960-01,,ETC/GMT+7,GMT-07:00,-25200
22874,081722,2022-08-17,2022-08-17,2022,3,8,2022-08,17,33,Wed,4,1960-01,,ETC/GMT+7,GMT-07:00,-25200
22875,081822,2022-08-18,2022-08-18,2022,3,8,2022-08,18,33,Thu,5,1960-01,,ETC/GMT+7,GMT-07:00,-25200
22876,081922,2022-08-19,2022-08-19,2022,3,8,2022-08,19,33,Fri,6,1960-01,,ETC/GMT+7,GMT-07:00,-25200
22877,082022,2022-08-20,2022-08-20,2022,3,8,2022-08,20,33,Sat,7,1960-01,,ETC/GMT+7,GMT-07:00,-25200
22878,082122,2022-08-21,2022-08-21,2022,3,8,2022-08,21,34,Sun,1,1960-01,,ETC/GMT+7,GMT-07:00,-25200
22879,082222,2022-08-22,2022-08-22,2022,3,8,2022-08,22,34,Mon,2,1960-01,,ETC/GMT+7,GMT-07:00,-25200
22880,082322,2022-08-23,2022-08-23,2022,3,8,2022-08,23,34,Tue,3,1960-01,,ETC/GMT+7,GMT-07:00,-25200
22881,082422,2022-08-24,2022-08-24,2022,3,8,2022-08,24,34,Wed,4,1960-01,,ETC/GMT+7,GMT-07:00,-25200
22882,082522,2022-08-25,2022-08-25,2022,3,8,2022-08,25,34,Thu,5,1960-01,,ETC/GMT+7,GMT-07:00,-25200
22883,082622,2022-08-26,2022-08-26,2022,3,8,2022-08,26,34,Fri,6,1960-01,,ETC/GMT+7,GMT-07:00,-25200
22884,082722,2022-08-27,2022-08-27,2022,3,8,2022-08,27,34,Sat,7,1960-01,,ETC/GMT+7,GMT-07:00,-25200
22885,082822,2022-08-28,2022-08-28,2022,3,8,2022-08,28,35,Sun,1,1960-01,,ETC/GMT+7,GMT-07:00,-25200
22886,082922,2022-08-29,2022-08-29,2022,3,8,2022-08,29,35,Mon,2,1960-01,,ETC/GMT+7,GMT-07:00,-25200
22887,083022,2022-08-30,2022-08-30,2022,3,8,2022-08,30,35,Tue,3,1960-01,,ETC/GMT+7,GMT-07:00,-25200
22888,083122,2022-08-31,2022-08-31,2022,3,8,2022-08,31,35,Wed,4,1960-01,,ETC/GMT+7,GMT-07:00,-25200
22889,090122,2022-09-01,2022-09-01,2022,3,9,2022-09,1,35,Thu,5,1960-01,,ETC/GMT+7,GMT-07:00,-25200
22890,090222,2022-09-02,2022-09-02,2022,3,9,2022-09,2,35,Fri,6,1960-01,,ETC/GMT+7,GMT-07:00,-25200
22891,090322,2022-09-03,2022-09-03,2022,3,9,2022-09,3,35,Sat,7,1960-01,,ETC/GMT+7,GMT-07:00,-25200
22892,090422,2022-09-04,2022-09-04,2022,3,9,2022-09,4,36,Sun,1,1960-01,,ETC/GMT+7,GMT-07:00,-25200
22893,090522,2022-09-05,2022-09-05,2022,3,9,2022-09,5,36,Mon,2,1960-01,LABOR,ETC/GMT+7,GMT-07:00,-25200
22894,090622,2022-09-06,2022-09-06,2022,3,9,2022-09,6,36,Tue,3,1960-01,,ETC/GMT+7,GMT-07:00,-25200
22895,090722,2022-09-07,2022-09-07,2022,3,9,2022-09,7,36,Wed,4,1960-01,,ETC/GMT+7,GMT-07:00,-25200
22896,090822,2022-09-08,2022-09-08,2022,3,9,2022-09,8,36,Thu,5,1960-01,,ETC/GMT+7,GMT-07:00,-25200
22897,090922,2022-09-09,2022-09-09,2022,3,9,2022-09,9,36,Fri,6,1960-01,,ETC/GMT+7,GMT-07:00,-25200
22898,091022,2022-09-10,2022-09-10,2022,3,9,2022-09,10,36,Sat,7,1960-01,,ETC/GMT+7,GMT-07:00,-25200
22899,091122,2022-09-11,2022-09-11,2022,3,9,2022-09,11,37,Sun,1,1960-01,,ETC/GMT+7,GMT-07:00,-25200
22900,091222,2022-09-12,2022-09-12,2022,3,9,2022-09,12,37,Mon,2,1960-01,,ETC/GMT+7,GMT-07:00,-25200
22901,091322,2022-09-13,2022-09-13,2022,3,9,2022-09,13,37,Tue,3,1960-01,,ETC/GMT+7,GMT-07:00,-25200
22902,091422,2022-09-14,2022-09-14,2022,3,9,2022-09,14,37,Wed,4,1960-01,,ETC/GMT+7,GMT-07:00,-25200
22903,091522,2022-09-15,2022-09-15,2022,3,9,2022-09,15,37,Thu,5,1960-01,,ETC/GMT+7,GMT-07:00,-25200
22904,091622,2022-09-16,2022-09-16,2022,3,9,2022-09,16,37,Fri,6,1960-01,,ETC/GMT+7,GMT-07:00,-25200
22905,091722,2022-09-17,2022-09-17,2022,3,9,2022-09,17,37,Sat,7,1960-01,,ETC/GMT+7,GMT-07:00,-25200
22906,091822,2022-09-18,2022-09-18,2022,3,9,2022-09,18,38,Sun,1,1960-01,,ETC/GMT+7,GMT-07:00,-25200
22907,091922,2022-09-19,2022-09-19,2022,3,9,2022-09,19,38,Mon,2,1960-01,,ETC/GMT+7,GMT-07:00,-25200
22908,092022,2022-09-20,2022-09-20,2022,3,9,2022-09,20,38,Tue,3,1960-01,,ETC/GMT+7,GMT-07:00,-25200
22909,092122,2022-09-21,2022-09-21,2022,3,9,2022-09,21,38,Wed,4,1960-01,,ETC/GMT+7,GMT-07:00,-25200
22910,092222,2022-09-22,2022-09-22,2022,3,9,2022-09,22,38,Thu,5,1960-01,,ETC/GMT+7,GMT-07:00,-25200
22911,092322,2022-09-23,2022-09-23,2022,3,9,2022-09,23,38,Fri,6,1960-01,,ETC/GMT+7,GMT-07:00,-25200
22912,092422,2022-09-24,2022-09-24,2022,3,9,2022-09,24,38,Sat,7,1960-01,,ETC/GMT+7,GMT-07:00,-25200
22913,092522,2022-09-25,2022-09-25,2022,3,9,2022-09,25,39,Sun,1,1960-01,,ETC/GMT+7,GMT-07:00,-25200
22914,092622,2022-09-26,2022-09-26,2022,3,9,2022-09,26,39,Mon,2,1960-01,,ETC/GMT+7,GMT-07:00,-25200
22915,092722,2022-09-27,2022-09-27,2022,3,9,2022-09,27,39,Tue,3,1960-01,,ETC/GMT+7,GMT-07:00,-25200
22916,092822,2022-09-28,2022-09-28,2022,3,9,2022-09,28,39,Wed,4,1960-01,,ETC/GMT+7,GMT-07:00,-25200
22917,092922,2022-09-29,2022-09-29,2022,3,9,2022-09,29,39,Thu,5,1960-01,,ETC/GMT+7,GMT-07:00,-25200
22918,093022,2022-09-30,2022-09-30,2022,3,9,2022-09,30,39,Fri,6,1960-01,,ETC/GMT+7,GMT-07:00,-25200
22919,100122,2022-10-01,2022-10-01,2022,4,10,2022-10,1,39,Sat,7,1960-01,,ETC/GMT+7,GMT-07:00,-25200
22920,100222,2022-10-02,2022-10-02,2022,4,10,2022-10,2,40,Sun,1,1960-01,,ETC/GMT+7,GMT-07:00,-25200
22921,100322,2022-10-03,2022-10-03,2022,4,10,2022-10,3,40,Mon,2,1960-01,,ETC/GMT+7,GMT-07:00,-25200
22922,100422,2022-10-04,2022-10-04,2022,4,10,2022-10,4,40,Tue,3,1960-01,,ETC/GMT+7,GMT-07:00,-25200
22923,100522,2022-10-05,2022-10-05,2022,4,10,2022-10,5,40,Wed,4,1960-01,,ETC/GMT+7,GMT-07:00,-25200
22924,100622,2022-10-06,2022-10-06,2022,4,10,2022-10,6,40,Thu,5,1960-01,,ETC/GMT+7,GMT-07:00,-25200
22925,100722,2022-10-07,2022-10-07,2022,4,10,2022-10,7,40,Fri,6,1960-01,,ETC/GMT+7,GMT-07:00,-25200
22926,100822,2022-10-08,2022-10-08,2022,4,10,2022-10,8,40,Sat,7,1960-01,,ETC/GMT+7,GMT-07:00,-25200
22927,100922,2022-10-09,2022-10-09,2022,4,10,2022-10,9,41,Sun,1,1960-01,,ETC/GMT+7,GMT-07:00,-25200
22928,101022,2022-10-10,2022-10-10,2022,4,10,2022-10,10,41,Mon,2,1960-01,THANKSGIVINGCANADA,ETC/GMT+7,GMT-07:00,-25200
22929,101122,2022-10-11,2022-10-11,2022,4,10,2022-10,11,41,Tue,3,1960-01,,ETC/GMT+7,GMT-07:00,-25200
22930,101222,2022-10-12,2022-10-12,2022,4,10,2022-10,12,41,Wed,4,1960-01,,ETC/GMT+7,GMT-07:00,-25200
22931,101322,2022-10-13,2022-10-13,2022,4,10,2022-10,13,41,Thu,5,1960-01,,ETC/GMT+7,GMT-07:00,-25200
22932,101422,2022-10-14,2022-10-14,2022,4,10,2022-10,14,41,Fri,6,1960-01,,ETC/GMT+7,GMT-07:00,-25200
22933,101522,2022-10-15,2022-10-15,2022,4,10,2022-10,15,41,Sat,7,1960-01,,ETC/GMT+7,GMT-07:00,-25200
22934,101622,2022-10-16,2022-10-16,2022,4,10,2022-10,16,42,Sun,1,1960-01,,ETC/GMT+7,GMT-07:00,-25200
22935,101722,2022-10-17,2022-10-17,2022,4,10,2022-10,17,42,Mon,2,1960-01,,ETC/GMT+7,GMT-07:00,-25200
22936,101822,2022-10-18,2022-10-18,2022,4,10,2022-10,18,42,Tue,3,1960-01,,ETC/GMT+7,GMT-07:00,-25200
22937,101922,2022-10-19,2022-10-19,2022,4,10,2022-10,19,42,Wed,4,1960-01,,ETC/GMT+7,GMT-07:00,-25200
22938,102022,2022-10-20,2022-10-20,2022,4,10,2022-10,20,42,Thu,5,1960-01,,ETC/GMT+7,GMT-07:00,-25200
22939,102122,2022-10-21,2022-10-21,2022,4,10,2022-10,21,42,Fri,6,1960-01,,ETC/GMT+7,GMT-07:00,-25200
22940,102222,2022-10-22,2022-10-22,2022,4,10,2022-10,22,42,Sat,7,1960-01,,ETC/GMT+7,GMT-07:00,-25200
22941,102322,2022-10-23,2022-10-23,2022,4,10,2022-10,23,43,Sun,1,1960-01,,ETC/GMT+7,GMT-07:00,-25200
22942,102422,2022-10-24,2022-10-24,2022,4,10,2022-10,24,43,Mon,2,1960-01,,ETC/GMT+7,GMT-07:00,-25200
22943,102522,2022-10-25,2022-10-25,2022,4,10,2022-10,25,43,Tue,3,1960-01,,ETC/GMT+7,GMT-07:00,-25200
22944,102622,2022-10-26,2022-10-26,2022,4,10,2022-10,26,43,Wed,4,1960-01,,ETC/GMT+7,GMT-07:00,-25200
22945,102722,2022-10-27,2022-10-27,2022,4,10,2022-10,27,43,Thu,5,1960-01,,ETC/GMT+7,GMT-07:00,-25200
22946,102822,2022-10-28,2022-10-28,2022,4,10,2022-10,28,43,Fri,6,1960-01,,ETC/GMT+7,GMT-07:00,-25200
22947,102922,2022-10-29,2022-10-29,2022,4,10,2022-10,29,43,Sat,7,1960-01,,ETC/GMT+7,GMT-07:00,-25200
22948,103022,2022-10-30,2022-10-30,2022,4,10,2022-10,30,44,Sun,1,1960-01,,ETC/GMT+7,GMT-07:00,-25200
22949,103122,2022-10-31,2022-10-31,2022,4,10,2022-10,31,44,Mon,2,1960-01,HALLOWEEN,ETC/GMT+7,GMT-07:00,-25200
22950,110122,2022-11-01,2022-11-01,2022,4,11,2022-11,1,44,Tue,3,1960-01,,ETC/GMT+7,GMT-07:00,-25200
22951,110222,2022-11-02,2022-11-02,2022,4,11,2022-11,2,44,Wed,4,1960-01,,ETC/GMT+7,GMT-07:00,-25200
22952,110322,2022-11-03,2022-11-03,2022,4,11,2022-11,3,44,Thu,5,1960-01,,ETC/GMT+7,GMT-07:00,-25200
22953,110422,2022-11-04,2022-11-04,2022,4,11,2022-11,4,44,Fri,6,1960-01,,ETC/GMT+7,GMT-07:00,-25200
22954,110522,2022-11-05,2022-11-05,2022,4,11,2022-11,5,44,Sat,7,1960-01,,ETC/GMT+7,GMT-07:00,-25200
22955,110622,2022-11-06,2022-11-06,2022,4,11,2022-11,6,45,Sun,1,1960-01,,ETC/GMT+7,GMT-07:00,-25200
22956,110722,2022-11-07,2022-11-07,2022,4,11,2022-11,7,45,Mon,2,1960-01,,ETC/GMT+7,GMT-07:00,-25200
22957,110822,2022-11-08,2022-11-08,2022,4,11,2022-11,8,45,Tue,3,1960-01,,ETC/GMT+7,GMT-07:00,-25200
22958,110922,2022-11-09,2022-11-09,2022,4,11,2022-11,9,45,Wed,4,1960-01,,ETC/GMT+7,GMT-07:00,-25200
22959,111022,2022-11-10,2022-11-10,2022,4,11,2022-11,10,45,Thu,5,1960-01,,ETC/GMT+7,GMT-07:00,-25200
22960,111122,2022-11-11,2022-11-11,2022,4,11,2022-11,11,45,Fri,6,1960-01,VETERANS,ETC/GMT+7,GMT-07:00,-25200
22961,111222,2022-11-12,2022-11-12,2022,4,11,2022-11,12,45,Sat,7,1960-01,,ETC/GMT+7,GMT-07:00,-25200
22962,111322,2022-11-13,2022-11-13,2022,4,11,2022-11,13,46,Sun,1,1960-01,,ETC/GMT+7,GMT-07:00,-25200
22963,111422,2022-11-14,2022-11-14,2022,4,11,2022-11,14,46,Mon,2,1960-01,,ETC/GMT+7,GMT-07:00,-25200
22964,111522,2022-11-15,2022-11-15,2022,4,11,2022-11,15,46,Tue,3,1960-01,,ETC/GMT+7,GMT-07:00,-25200
22965,111622,2022-11-16,2022-11-16,2022,4,11,2022-11,16,46,Wed,4,1960-01,,ETC/GMT+7,GMT-07:00,-25200
22966,111722,2022-11-17,2022-11-17,2022,4,11,2022-11,17,46,Thu,5,1960-01,,ETC/GMT+7,GMT-07:00,-25200
22967,111822,2022-11-18,2022-11-18,2022,4,11,2022-11,18,46,Fri,6,1960-01,,ETC/GMT+7,GMT-07:00,-25200
22968,111922,2022-11-19,2022-11-19,2022,4,11,2022-11,19,46,Sat,7,1960-01,,ETC/GMT+7,GMT-07:00,-25200
22969,112022,2022-11-20,2022-11-20,2022,4,11,2022-11,20,47,Sun,1,1960-01,,ETC/GMT+7,GMT-07:00,-25200
22970,112122,2022-11-21,2022-11-21,2022,4,11,2022-11,21,47,Mon,2,1960-01,,ETC/GMT+7,GMT-07:00,-25200
22971,112222,2022-11-22,2022-11-22,2022,4,11,2022-11,22,47,Tue,3,1960-01,,ETC/GMT+7,GMT-07:00,-25200
22972,112322,2022-11-23,2022-11-23,2022,4,11,2022-11,23,47,Wed,4,1960-01,,ETC/GMT+7,GMT-07:00,-25200
22973,112422,2022-11-24,2022-11-24,2022,4,11,2022-11,24,47,Thu,5,1960-01,THANKSGIVING,ETC/GMT+7,GMT-07:00,-25200
22974,112522,2022-11-25,2022-11-25,2022,4,11,2022-11,25,47,Fri,6,1960-01,,ETC/GMT+7,GMT-07:00,-25200
22975,112622,2022-11-26,2022-11-26,2022,4,11,2022-11,26,47,Sat,7,1960-01,,ETC/GMT+7,GMT-07:00,-25200
22976,112722,2022-11-27,2022-11-27,2022,4,11,2022-11,27,48,Sun,1,1960-01,,ETC/GMT+7,GMT-07:00,-25200
22977,112822,2022-11-28,2022-11-28,2022,4,11,2022-11,28,48,Mon,2,1960-01,,ETC/GMT+7,GMT-07:00,-25200
22978,112922,2022-11-29,2022-11-29,2022,4,11,2022-11,29,48,Tue,3,1960-01,,ETC/GMT+7,GMT-07:00,-25200
22979,113022,2022-11-30,2022-11-30,2022,4,11,2022-11,30,48,Wed,4,1960-01,,ETC/GMT+7,GMT-07:00,-25200
22980,120122,2022-12-01,2022-12-01,2022,4,12,2022-12,1,48,Thu,5,1960-01,,ETC/GMT+7,GMT-07:00,-25200
22981,120222,2022-12-02,2022-12-02,2022,4,12,2022-12,2,48,Fri,6,1960-01,,ETC/GMT+7,GMT-07:00,-25200
22982,120322,2022-12-03,2022-12-03,2022,4,12,2022-12,3,48,Sat,7,1960-01,,ETC/GMT+7,GMT-07:00,-25200
22983,120422,2022-12-04,2022-12-04,2022,4,12,2022-12,4,49,Sun,1,1960-01,,ETC/GMT+7,GMT-07:00,-25200
22984,120522,2022-12-05,2022-12-05,2022,4,12,2022-12,5,49,Mon,2,1960-01,,ETC/GMT+7,GMT-07:00,-25200
22985,120622,2022-12-06,2022-12-06,2022,4,12,2022-12,6,49,Tue,3,1960-01,,ETC/GMT+7,GMT-07:00,-25200
22986,120722,2022-12-07,2022-12-07,2022,4,12,2022-12,7,49,Wed,4,1960-01,,ETC/GMT+7,GMT-07:00,-25200
22987,120822,2022-12-08,2022-12-08,2022,4,12,2022-12,8,49,Thu,5,1960-01,,ETC/GMT+7,GMT-07:00,-25200
22988,120922,2022-12-09,2022-12-09,2022,4,12,2022-12,9,49,Fri,6,1960-01,,ETC/GMT+7,GMT-07:00,-25200
22989,121022,2022-12-10,2022-12-10,2022,4,12,2022-12,10,49,Sat,7,1960-01,,ETC/GMT+7,GMT-07:00,-25200
22990,121122,2022-12-11,2022-12-11,2022,4,12,2022-12,11,50,Sun,1,1960-01,,ETC/GMT+7,GMT-07:00,-25200
22991,121222,2022-12-12,2022-12-12,2022,4,12,2022-12,12,50,Mon,2,1960-01,,ETC/GMT+7,GMT-07:00,-25200
22992,121322,2022-12-13,2022-12-13,2022,4,12,2022-12,13,50,Tue,3,1960-01,,ETC/GMT+7,GMT-07:00,-25200
22993,121422,2022-12-14,2022-12-14,2022,4,12,2022-12,14,50,Wed,4,1960-01,,ETC/GMT+7,GMT-07:00,-25200
22994,121522,2022-12-15,2022-12-15,2022,4,12,2022-12,15,50,Thu,5,1960-01,,ETC/GMT+7,GMT-07:00,-25200
22995,121622,2022-12-16,2022-12-16,2022,4,12,2022-12,16,50,Fri,6,1960-01,,ETC/GMT+7,GMT-07:00,-25200
22996,121722,2022-12-17,2022-12-17,2022,4,12,2022-12,17,50,Sat,7,1960-01,,ETC/GMT+7,GMT-07:00,-25200
22997,121822,2022-12-18,2022-12-18,2022,4,12,2022-12,18,51,Sun,1,1960-01,,ETC/GMT+7,GMT-07:00,-25200
22998,121922,2022-12-19,2022-12-19,2022,4,12,2022-12,19,51,Mon,2,1960-01,,ETC/GMT+7,GMT-07:00,-25200
22999,122022,2022-12-20,2022-12-20,2022,4,12,2022-12,20,51,Tue,3,1960-01,,ETC/GMT+7,GMT-07:00,-25200
23000,122122,2022-12-21,2022-12-21,2022,4,12,2022-12,21,51,Wed,4,1960-01,,ETC/GMT+7,GMT-07:00,-25200
23001,122222,2022-12-22,2022-12-22,2022,4,12,2022-12,22,51,Thu,5,1960-01,,ETC/GMT+7,GMT-07:00,-25200
23002,122322,2022-12-23,2022-12-23,2022,4,12,2022-12,23,51,Fri,6,1960-01,,ETC/GMT+7,GMT-07:00,-25200
23003,122422,2022-12-24,2022-12-24,2022,4,12,2022-12,24,51,Sat,7,1960-01,,ETC/GMT+7,GMT-07:00,-25200
23004,122522,2022-12-25,2022-12-25,2022,4,12,2022-12,25,52,Sun,1,1960-01,CHRISTMAS,ETC/GMT+7,GMT-07:00,-25200
23005,122622,2022-12-26,2022-12-26,2022,4,12,2022-12,26,52,Mon,2,1960-01,BOXING,ETC/GMT+7,GMT-07:00,-25200
23006,122722,2022-12-27,2022-12-27,2022,4,12,2022-12,27,52,Tue,3,1960-01,,ETC/GMT+7,GMT-07:00,-25200
23007,122822,2022-12-28,2022-12-28,2022,4,12,2022-12,28,52,Wed,4,1960-01,,ETC/GMT+7,GMT-07:00,-25200
23008,122922,2022-12-29,2022-12-29,2022,4,12,2022-12,29,52,Thu,5,1960-01,,ETC/GMT+7,GMT-07:00,-25200
23009,123022,2022-12-30,2022-12-30,2022,4,12,2022-12,30,52,Fri,6,1960-01,,ETC/GMT+7,GMT-07:00,-25200
23010,123122,2022-12-31,2022-12-31,2022,4,12,2022-12,31,52,Sat,7,1960-01,,ETC/GMT+7,GMT-07:00,-25200
23011,010123,2023-01-01,2023-01-01,2023,1,1,2023-01,1,1,Sun,1,1960-01,NEWYEAR,ETC/GMT+7,GMT-07:00,-25200
23012,010223,2023-01-02,2023-01-02,2023,1,1,2023-01,2,1,Mon,2,1960-01,,ETC/GMT+7,GMT-07:00,-25200
23013,010323,2023-01-03,2023-01-03,2023,1,1,2023-01,3,1,Tue,3,1960-01,,ETC/GMT+7,GMT-07:00,-25200
23014,010423,2023-01-04,2023-01-04,2023,1,1,2023-01,4,1,Wed,4,1960-01,,ETC/GMT+7,GMT-07:00,-25200
23015,010523,2023-01-05,2023-01-05,2023,1,1,2023-01,5,1,Thu,5,1960-01,,ETC/GMT+7,GMT-07:00,-25200
23016,010623,2023-01-06,2023-01-06,2023,1,1,2023-01,6,1,Fri,6,1960-01,,ETC/GMT+7,GMT-07:00,-25200
23017,010723,2023-01-07,2023-01-07,2023,1,1,2023-01,7,1,Sat,7,1960-01,,ETC/GMT+7,GMT-07:00,-25200
23018,010823,2023-01-08,2023-01-08,2023,1,1,2023-01,8,2,Sun,1,1960-01,,ETC/GMT+7,GMT-07:00,-25200
23019,010923,2023-01-09,2023-01-09,2023,1,1,2023-01,9,2,Mon,2,1960-01,,ETC/GMT+7,GMT-07:00,-25200
23020,011023,2023-01-10,2023-01-10,2023,1,1,2023-01,10,2,Tue,3,1960-01,,ETC/GMT+7,GMT-07:00,-25200
23021,011123,2023-01-11,2023-01-11,2023,1,1,2023-01,11,2,Wed,4,1960-01,,ETC/GMT+7,GMT-07:00,-25200
23022,011223,2023-01-12,2023-01-12,2023,1,1,2023-01,12,2,Thu,5,1960-01,,ETC/GMT+7,GMT-07:00,-25200
23023,011323,2023-01-13,2023-01-13,2023,1,1,2023-01,13,2,Fri,6,1960-01,,ETC/GMT+7,GMT-07:00,-25200
23024,011423,2023-01-14,2023-01-14,2023,1,1,2023-01,14,2,Sat,7,1960-01,,ETC/GMT+7,GMT-07:00,-25200
23025,011523,2023-01-15,2023-01-15,2023,1,1,2023-01,15,3,Sun,1,1960-01,,ETC/GMT+7,GMT-07:00,-25200
23026,011623,2023-01-16,2023-01-16,2023,1,1,2023-01,16,3,Mon,2,1960-01,MLK,ETC/GMT+7,GMT-07:00,-25200
23027,011723,2023-01-17,2023-01-17,2023,1,1,2023-01,17,3,Tue,3,1960-01,,ETC/GMT+7,GMT-07:00,-25200
23028,011823,2023-01-18,2023-01-18,2023,1,1,2023-01,18,3,Wed,4,1960-01,,ETC/GMT+7,GMT-07:00,-25200
23029,011923,2023-01-19,2023-01-19,2023,1,1,2023-01,19,3,Thu,5,1960-01,,ETC/GMT+7,GMT-07:00,-25200
23030,012023,2023-01-20,2023-01-20,2023,1,1,2023-01,20,3,Fri,6,1960-01,,ETC/GMT+7,GMT-07:00,-25200
23031,012123,2023-01-21,2023-01-21,2023,1,1,2023-01,21,3,Sat,7,1960-01,,ETC/GMT+7,GMT-07:00,-25200
23032,012223,2023-01-22,2023-01-22,2023,1,1,2023-01,22,4,Sun,1,1960-01,,ETC/GMT+7,GMT-07:00,-25200
23033,012323,2023-01-23,2023-01-23,2023,1,1,2023-01,23,4,Mon,2,1960-01,,ETC/GMT+7,GMT-07:00,-25200
23034,012423,2023-01-24,2023-01-24,2023,1,1,2023-01,24,4,Tue,3,1960-01,,ETC/GMT+7,GMT-07:00,-25200
23035,012523,2023-01-25,2023-01-25,2023,1,1,2023-01,25,4,Wed,4,1960-01,,ETC/GMT+7,GMT-07:00,-25200
23036,012623,2023-01-26,2023-01-26,2023,1,1,2023-01,26,4,Thu,5,1960-01,,ETC/GMT+7,GMT-07:00,-25200
23037,012723,2023-01-27,2023-01-27,2023,1,1,2023-01,27,4,Fri,6,1960-01,,ETC/GMT+7,GMT-07:00,-25200
23038,012823,2023-01-28,2023-01-28,2023,1,1,2023-01,28,4,Sat,7,1960-01,,ETC/GMT+7,GMT-07:00,-25200
23039,012923,2023-01-29,2023-01-29,2023,1,1,2023-01,29,5,Sun,1,1960-01,,ETC/GMT+7,GMT-07:00,-25200
23040,013023,2023-01-30,2023-01-30,2023,1,1,2023-01,30,5,Mon,2,1960-01,,ETC/GMT+7,GMT-07:00,-25200
23041,013123,2023-01-31,2023-01-31,2023,1,1,2023-01,31,5,Tue,3,1960-01,,ETC/GMT+7,GMT-07:00,-25200
23042,020123,2023-02-01,2023-02-01,2023,1,2,2023-02,1,5,Wed,4,1960-01,,ETC/GMT+7,GMT-07:00,-25200
23043,020223,2023-02-02,2023-02-02,2023,1,2,2023-02,2,5,Thu,5,1960-01,,ETC/GMT+7,GMT-07:00,-25200
23044,020323,2023-02-03,2023-02-03,2023,1,2,2023-02,3,5,Fri,6,1960-01,,ETC/GMT+7,GMT-07:00,-25200
23045,020423,2023-02-04,2023-02-04,2023,1,2,2023-02,4,5,Sat,7,1960-01,,ETC/GMT+7,GMT-07:00,-25200
23046,020523,2023-02-05,2023-02-05,2023,1,2,2023-02,5,6,Sun,1,1960-01,,ETC/GMT+7,GMT-07:00,-25200
23047,020623,2023-02-06,2023-02-06,2023,1,2,2023-02,6,6,Mon,2,1960-01,,ETC/GMT+7,GMT-07:00,-25200
23048,020723,2023-02-07,2023-02-07,2023,1,2,2023-02,7,6,Tue,3,1960-01,,ETC/GMT+7,GMT-07:00,-25200
23049,020823,2023-02-08,2023-02-08,2023,1,2,2023-02,8,6,Wed,4,1960-01,,ETC/GMT+7,GMT-07:00,-25200
23050,020923,2023-02-09,2023-02-09,2023,1,2,2023-02,9,6,Thu,5,1960-01,,ETC/GMT+7,GMT-07:00,-25200
23051,021023,2023-02-10,2023-02-10,2023,1,2,2023-02,10,6,Fri,6,1960-01,,ETC/GMT+7,GMT-07:00,-25200
23052,021123,2023-02-11,2023-02-11,2023,1,2,2023-02,11,6,Sat,7,1960-01,,ETC/GMT+7,GMT-07:00,-25200
23053,021223,2023-02-12,2023-02-12,2023,1,2,2023-02,12,7,Sun,1,1960-01,,ETC/GMT+7,GMT-07:00,-25200
23054,021323,2023-02-13,2023-02-13,2023,1,2,2023-02,13,7,Mon,2,1960-01,,ETC/GMT+7,GMT-07:00,-25200
23055,021423,2023-02-14,2023-02-14,2023,1,2,2023-02,14,7,Tue,3,1960-01,VALENTINES,ETC/GMT+7,GMT-07:00,-25200
23056,021523,2023-02-15,2023-02-15,2023,1,2,2023-02,15,7,Wed,4,1960-01,,ETC/GMT+7,GMT-07:00,-25200
23057,021623,2023-02-16,2023-02-16,2023,1,2,2023-02,16,7,Thu,5,1960-01,,ETC/GMT+7,GMT-07:00,-25200
23058,021723,2023-02-17,2023-02-17,2023,1,2,2023-02,17,7,Fri,6,1960-01,,ETC/GMT+7,GMT-07:00,-25200
23059,021823,2023-02-18,2023-02-18,2023,1,2,2023-02,18,7,Sat,7,1960-01,,ETC/GMT+7,GMT-07:00,-25200
23060,021923,2023-02-19,2023-02-19,2023,1,2,2023-02,19,8,Sun,1,1960-01,,ETC/GMT+7,GMT-07:00,-25200
23061,022023,2023-02-20,2023-02-20,2023,1,2,2023-02,20,8,Mon,2,1960-01,USPRESIDENTS,ETC/GMT+7,GMT-07:00,-25200
23062,022123,2023-02-21,2023-02-21,2023,1,2,2023-02,21,8,Tue,3,1960-01,,ETC/GMT+7,GMT-07:00,-25200
23063,022223,2023-02-22,2023-02-22,2023,1,2,2023-02,22,8,Wed,4,1960-01,,ETC/GMT+7,GMT-07:00,-25200
23064,022323,2023-02-23,2023-02-23,2023,1,2,2023-02,23,8,Thu,5,1960-01,,ETC/GMT+7,GMT-07:00,-25200
23065,022423,2023-02-24,2023-02-24,2023,1,2,2023-02,24,8,Fri,6,1960-01,,ETC/GMT+7,GMT-07:00,-25200
23066,022523,2023-02-25,2023-02-25,2023,1,2,2023-02,25,8,Sat,7,1960-01,,ETC/GMT+7,GMT-07:00,-25200
23067,022623,2023-02-26,2023-02-26,2023,1,2,2023-02,26,9,Sun,1,1960-01,,ETC/GMT+7,GMT-07:00,-25200
23068,022723,2023-02-27,2023-02-27,2023,1,2,2023-02,27,9,Mon,2,1960-01,,ETC/GMT+7,GMT-07:00,-25200
23069,022823,2023-02-28,2023-02-28,2023,1,2,2023-02,28,9,Tue,3,1960-01,,ETC/GMT+7,GMT-07:00,-25200
23070,030123,2023-03-01,2023-03-01,2023,1,3,2023-03,1,9,Wed,4,1960-01,,ETC/GMT+7,GMT-07:00,-25200
23071,030223,2023-03-02,2023-03-02,2023,1,3,2023-03,2,9,Thu,5,1960-01,,ETC/GMT+7,GMT-07:00,-25200
23072,030323,2023-03-03,2023-03-03,2023,1,3,2023-03,3,9,Fri,6,1960-01,,ETC/GMT+7,GMT-07:00,-25200
23073,030423,2023-03-04,2023-03-04,2023,1,3,2023-03,4,9,Sat,7,1960-01,,ETC/GMT+7,GMT-07:00,-25200
23074,030523,2023-03-05,2023-03-05,2023,1,3,2023-03,5,10,Sun,1,1960-01,,ETC/GMT+7,GMT-07:00,-25200
23075,030623,2023-03-06,2023-03-06,2023,1,3,2023-03,6,10,Mon,2,1960-01,,ETC/GMT+7,GMT-07:00,-25200
23076,030723,2023-03-07,2023-03-07,2023,1,3,2023-03,7,10,Tue,3,1960-01,,ETC/GMT+7,GMT-07:00,-25200
23077,030823,2023-03-08,2023-03-08,2023,1,3,2023-03,8,10,Wed,4,1960-01,,ETC/GMT+7,GMT-07:00,-25200
23078,030923,2023-03-09,2023-03-09,2023,1,3,2023-03,9,10,Thu,5,1960-01,,ETC/GMT+7,GMT-07:00,-25200
23079,031023,2023-03-10,2023-03-10,2023,1,3,2023-03,10,10,Fri,6,1960-01,,ETC/GMT+7,GMT-07:00,-25200
23080,031123,2023-03-11,2023-03-11,2023,1,3,2023-03,11,10,Sat,7,1960-01,,ETC/GMT+7,GMT-07:00,-25200
23081,031223,2023-03-12,2023-03-12,2023,1,3,2023-03,12,11,Sun,1,1960-01,,ETC/GMT+7,GMT-07:00,-25200
23082,031323,2023-03-13,2023-03-13,2023,1,3,2023-03,13,11,Mon,2,1960-01,,ETC/GMT+7,GMT-07:00,-25200
23083,031423,2023-03-14,2023-03-14,2023,1,3,2023-03,14,11,Tue,3,1960-01,,ETC/GMT+7,GMT-07:00,-25200
23084,031523,2023-03-15,2023-03-15,2023,1,3,2023-03,15,11,Wed,4,1960-01,,ETC/GMT+7,GMT-07:00,-25200
23085,031623,2023-03-16,2023-03-16,2023,1,3,2023-03,16,11,Thu,5,1960-01,,ETC/GMT+7,GMT-07:00,-25200
23086,031723,2023-03-17,2023-03-17,2023,1,3,2023-03,17,11,Fri,6,1960-01,,ETC/GMT+7,GMT-07:00,-25200
23087,031823,2023-03-18,2023-03-18,2023,1,3,2023-03,18,11,Sat,7,1960-01,,ETC/GMT+7,GMT-07:00,-25200
23088,031923,2023-03-19,2023-03-19,2023,1,3,2023-03,19,12,Sun,1,1960-01,,ETC/GMT+7,GMT-07:00,-25200
23089,032023,2023-03-20,2023-03-20,2023,1,3,2023-03,20,12,Mon,2,1960-01,,ETC/GMT+7,GMT-07:00,-25200
23090,032123,2023-03-21,2023-03-21,2023,1,3,2023-03,21,12,Tue,3,1960-01,,ETC/GMT+7,GMT-07:00,-25200
23091,032223,2023-03-22,2023-03-22,2023,1,3,2023-03,22,12,Wed,4,1960-01,,ETC/GMT+7,GMT-07:00,-25200
23092,032323,2023-03-23,2023-03-23,2023,1,3,2023-03,23,12,Thu,5,1960-01,,ETC/GMT+7,GMT-07:00,-25200
23093,032423,2023-03-24,2023-03-24,2023,1,3,2023-03,24,12,Fri,6,1960-01,,ETC/GMT+7,GMT-07:00,-25200
23094,032523,2023-03-25,2023-03-25,2023,1,3,2023-03,25,12,Sat,7,1960-01,,ETC/GMT+7,GMT-07:00,-25200
23095,032623,2023-03-26,2023-03-26,2023,1,3,2023-03,26,13,Sun,1,1960-01,,ETC/GMT+7,GMT-07:00,-25200
23096,032723,2023-03-27,2023-03-27,2023,1,3,2023-03,27,13,Mon,2,1960-01,,ETC/GMT+7,GMT-07:00,-25200
23097,032823,2023-03-28,2023-03-28,2023,1,3,2023-03,28,13,Tue,3,1960-01,,ETC/GMT+7,GMT-07:00,-25200
23098,032923,2023-03-29,2023-03-29,2023,1,3,2023-03,29,13,Wed,4,1960-01,,ETC/GMT+7,GMT-07:00,-25200
23099,033023,2023-03-30,2023-03-30,2023,1,3,2023-03,30,13,Thu,5,1960-01,,ETC/GMT+7,GMT-07:00,-25200
23100,033123,2023-03-31,2023-03-31,2023,1,3,2023-03,31,13,Fri,6,1960-01,,ETC/GMT+7,GMT-07:00,-25200
23101,040123,2023-04-01,2023-04-01,2023,2,4,2023-04,1,13,Sat,7,1960-01,,ETC/GMT+7,GMT-07:00,-25200
23102,040223,2023-04-02,2023-04-02,2023,2,4,2023-04,2,14,Sun,1,1960-01,,ETC/GMT+7,GMT-07:00,-25200
23103,040323,2023-04-03,2023-04-03,2023,2,4,2023-04,3,14,Mon,2,1960-01,,ETC/GMT+7,GMT-07:00,-25200
23104,040423,2023-04-04,2023-04-04,2023,2,4,2023-04,4,14,Tue,3,1960-01,,ETC/GMT+7,GMT-07:00,-25200
23105,040523,2023-04-05,2023-04-05,2023,2,4,2023-04,5,14,Wed,4,1960-01,,ETC/GMT+7,GMT-07:00,-25200
23106,040623,2023-04-06,2023-04-06,2023,2,4,2023-04,6,14,Thu,5,1960-01,,ETC/GMT+7,GMT-07:00,-25200
23107,040723,2023-04-07,2023-04-07,2023,2,4,2023-04,7,14,Fri,6,1960-01,,ETC/GMT+7,GMT-07:00,-25200
23108,040823,2023-04-08,2023-04-08,2023,2,4,2023-04,8,14,Sat,7,1960-01,,ETC/GMT+7,GMT-07:00,-25200
23109,040923,2023-04-09,2023-04-09,2023,2,4,2023-04,9,15,Sun,1,1960-01,EASTER,ETC/GMT+7,GMT-07:00,-25200
23110,041023,2023-04-10,2023-04-10,2023,2,4,2023-04,10,15,Mon,2,1960-01,,ETC/GMT+7,GMT-07:00,-25200
23111,041123,2023-04-11,2023-04-11,2023,2,4,2023-04,11,15,Tue,3,1960-01,,ETC/GMT+7,GMT-07:00,-25200
23112,041223,2023-04-12,2023-04-12,2023,2,4,2023-04,12,15,Wed,4,1960-01,,ETC/GMT+7,GMT-07:00,-25200
23113,041323,2023-04-13,2023-04-13,2023,2,4,2023-04,13,15,Thu,5,1960-01,,ETC/GMT+7,GMT-07:00,-25200
23114,041423,2023-04-14,2023-04-14,2023,2,4,2023-04,14,15,Fri,6,1960-01,,ETC/GMT+7,GMT-07:00,-25200
23115,041523,2023-04-15,2023-04-15,2023,2,4,2023-04,15,15,Sat,7,1960-01,,ETC/GMT+7,GMT-07:00,-25200
23116,041623,2023-04-16,2023-04-16,2023,2,4,2023-04,16,16,Sun,1,1960-01,,ETC/GMT+7,GMT-07:00,-25200
23117,041723,2023-04-17,2023-04-17,2023,2,4,2023-04,17,16,Mon,2,1960-01,,ETC/GMT+7,GMT-07:00,-25200
23118,041823,2023-04-18,2023-04-18,2023,2,4,2023-04,18,16,Tue,3,1960-01,,ETC/GMT+7,GMT-07:00,-25200
23119,041923,2023-04-19,2023-04-19,2023,2,4,2023-04,19,16,Wed,4,1960-01,,ETC/GMT+7,GMT-07:00,-25200
23120,042023,2023-04-20,2023-04-20,2023,2,4,2023-04,20,16,Thu,5,1960-01,,ETC/GMT+7,GMT-07:00,-25200
23121,042123,2023-04-21,2023-04-21,2023,2,4,2023-04,21,16,Fri,6,1960-01,,ETC/GMT+7,GMT-07:00,-25200
23122,042223,2023-04-22,2023-04-22,2023,2,4,2023-04,22,16,Sat,7,1960-01,,ETC/GMT+7,GMT-07:00,-25200
23123,042323,2023-04-23,2023-04-23,2023,2,4,2023-04,23,17,Sun,1,1960-01,,ETC/GMT+7,GMT-07:00,-25200
23124,042423,2023-04-24,2023-04-24,2023,2,4,2023-04,24,17,Mon,2,1960-01,,ETC/GMT+7,GMT-07:00,-25200
23125,042523,2023-04-25,2023-04-25,2023,2,4,2023-04,25,17,Tue,3,1960-01,,ETC/GMT+7,GMT-07:00,-25200
23126,042623,2023-04-26,2023-04-26,2023,2,4,2023-04,26,17,Wed,4,1960-01,,ETC/GMT+7,GMT-07:00,-25200
23127,042723,2023-04-27,2023-04-27,2023,2,4,2023-04,27,17,Thu,5,1960-01,,ETC/GMT+7,GMT-07:00,-25200
23128,042823,2023-04-28,2023-04-28,2023,2,4,2023-04,28,17,Fri,6,1960-01,,ETC/GMT+7,GMT-07:00,-25200
23129,042923,2023-04-29,2023-04-29,2023,2,4,2023-04,29,17,Sat,7,1960-01,,ETC/GMT+7,GMT-07:00,-25200
23130,043023,2023-04-30,2023-04-30,2023,2,4,2023-04,30,18,Sun,1,1960-01,,ETC/GMT+7,GMT-07:00,-25200
23131,050123,2023-05-01,2023-05-01,2023,2,5,2023-05,1,18,Mon,2,1960-01,,ETC/GMT+7,GMT-07:00,-25200
23132,050223,2023-05-02,2023-05-02,2023,2,5,2023-05,2,18,Tue,3,1960-01,,ETC/GMT+7,GMT-07:00,-25200
23133,050323,2023-05-03,2023-05-03,2023,2,5,2023-05,3,18,Wed,4,1960-01,,ETC/GMT+7,GMT-07:00,-25200
23134,050423,2023-05-04,2023-05-04,2023,2,5,2023-05,4,18,Thu,5,1960-01,,ETC/GMT+7,GMT-07:00,-25200
23135,050523,2023-05-05,2023-05-05,2023,2,5,2023-05,5,18,Fri,6,1960-01,,ETC/GMT+7,GMT-07:00,-25200
23136,050623,2023-05-06,2023-05-06,2023,2,5,2023-05,6,18,Sat,7,1960-01,,ETC/GMT+7,GMT-07:00,-25200
23137,050723,2023-05-07,2023-05-07,2023,2,5,2023-05,7,19,Sun,1,1960-01,,ETC/GMT+7,GMT-07:00,-25200
23138,050823,2023-05-08,2023-05-08,2023,2,5,2023-05,8,19,Mon,2,1960-01,,ETC/GMT+7,GMT-07:00,-25200
23139,050923,2023-05-09,2023-05-09,2023,2,5,2023-05,9,19,Tue,3,1960-01,,ETC/GMT+7,GMT-07:00,-25200
23140,051023,2023-05-10,2023-05-10,2023,2,5,2023-05,10,19,Wed,4,1960-01,,ETC/GMT+7,GMT-07:00,-25200
23141,051123,2023-05-11,2023-05-11,2023,2,5,2023-05,11,19,Thu,5,1960-01,,ETC/GMT+7,GMT-07:00,-25200
23142,051223,2023-05-12,2023-05-12,2023,2,5,2023-05,12,19,Fri,6,1960-01,,ETC/GMT+7,GMT-07:00,-25200
23143,051323,2023-05-13,2023-05-13,2023,2,5,2023-05,13,19,Sat,7,1960-01,,ETC/GMT+7,GMT-07:00,-25200
23144,051423,2023-05-14,2023-05-14,2023,2,5,2023-05,14,20,Sun,1,1960-01,MOTHERS,ETC/GMT+7,GMT-07:00,-25200
23145,051523,2023-05-15,2023-05-15,2023,2,5,2023-05,15,20,Mon,2,1960-01,,ETC/GMT+7,GMT-07:00,-25200
23146,051623,2023-05-16,2023-05-16,2023,2,5,2023-05,16,20,Tue,3,1960-01,,ETC/GMT+7,GMT-07:00,-25200
23147,051723,2023-05-17,2023-05-17,2023,2,5,2023-05,17,20,Wed,4,1960-01,,ETC/GMT+7,GMT-07:00,-25200
23148,051823,2023-05-18,2023-05-18,2023,2,5,2023-05,18,20,Thu,5,1960-01,,ETC/GMT+7,GMT-07:00,-25200
23149,051923,2023-05-19,2023-05-19,2023,2,5,2023-05,19,20,Fri,6,1960-01,,ETC/GMT+7,GMT-07:00,-25200
23150,052023,2023-05-20,2023-05-20,2023,2,5,2023-05,20,20,Sat,7,1960-01,,ETC/GMT+7,GMT-07:00,-25200
23151,052123,2023-05-21,2023-05-21,2023,2,5,2023-05,21,21,Sun,1,1960-01,,ETC/GMT+7,GMT-07:00,-25200
23152,052223,2023-05-22,2023-05-22,2023,2,5,2023-05,22,21,Mon,2,1960-01,VICTORIA,ETC/GMT+7,GMT-07:00,-25200
23153,052323,2023-05-23,2023-05-23,2023,2,5,2023-05,23,21,Tue,3,1960-01,,ETC/GMT+7,GMT-07:00,-25200
23154,052423,2023-05-24,2023-05-24,2023,2,5,2023-05,24,21,Wed,4,1960-01,,ETC/GMT+7,GMT-07:00,-25200
23155,052523,2023-05-25,2023-05-25,2023,2,5,2023-05,25,21,Thu,5,1960-01,,ETC/GMT+7,GMT-07:00,-25200
23156,052623,2023-05-26,2023-05-26,2023,2,5,2023-05,26,21,Fri,6,1960-01,,ETC/GMT+7,GMT-07:00,-25200
23157,052723,2023-05-27,2023-05-27,2023,2,5,2023-05,27,21,Sat,7,1960-01,,ETC/GMT+7,GMT-07:00,-25200
23158,052823,2023-05-28,2023-05-28,2023,2,5,2023-05,28,22,Sun,1,1960-01,,ETC/GMT+7,GMT-07:00,-25200
23159,052923,2023-05-29,2023-05-29,2023,2,5,2023-05,29,22,Mon,2,1960-01,MEMORIAL,ETC/GMT+7,GMT-07:00,-25200
23160,053023,2023-05-30,2023-05-30,2023,2,5,2023-05,30,22,Tue,3,1960-01,,ETC/GMT+7,GMT-07:00,-25200
23161,053123,2023-05-31,2023-05-31,2023,2,5,2023-05,31,22,Wed,4,1960-01,,ETC/GMT+7,GMT-07:00,-25200
23162,060123,2023-06-01,2023-06-01,2023,2,6,2023-06,1,22,Thu,5,1960-01,,ETC/GMT+7,GMT-07:00,-25200
23163,060223,2023-06-02,2023-06-02,2023,2,6,2023-06,2,22,Fri,6,1960-01,,ETC/GMT+7,GMT-07:00,-25200
23164,060323,2023-06-03,2023-06-03,2023,2,6,2023-06,3,22,Sat,7,1960-01,,ETC/GMT+7,GMT-07:00,-25200
23165,060423,2023-06-04,2023-06-04,2023,2,6,2023-06,4,23,Sun,1,1960-01,,ETC/GMT+7,GMT-07:00,-25200
23166,060523,2023-06-05,2023-06-05,2023,2,6,2023-06,5,23,Mon,2,1960-01,,ETC/GMT+7,GMT-07:00,-25200
23167,060623,2023-06-06,2023-06-06,2023,2,6,2023-06,6,23,Tue,3,1960-01,,ETC/GMT+7,GMT-07:00,-25200
23168,060723,2023-06-07,2023-06-07,2023,2,6,2023-06,7,23,Wed,4,1960-01,,ETC/GMT+7,GMT-07:00,-25200
23169,060823,2023-06-08,2023-06-08,2023,2,6,2023-06,8,23,Thu,5,1960-01,,ETC/GMT+7,GMT-07:00,-25200
23170,060923,2023-06-09,2023-06-09,2023,2,6,2023-06,9,23,Fri,6,1960-01,,ETC/GMT+7,GMT-07:00,-25200
23171,061023,2023-06-10,2023-06-10,2023,2,6,2023-06,10,23,Sat,7,1960-01,,ETC/GMT+7,GMT-07:00,-25200
23172,061123,2023-06-11,2023-06-11,2023,2,6,2023-06,11,24,Sun,1,1960-01,,ETC/GMT+7,GMT-07:00,-25200
23173,061223,2023-06-12,2023-06-12,2023,2,6,2023-06,12,24,Mon,2,1960-01,,ETC/GMT+7,GMT-07:00,-25200
23174,061323,2023-06-13,2023-06-13,2023,2,6,2023-06,13,24,Tue,3,1960-01,,ETC/GMT+7,GMT-07:00,-25200
23175,061423,2023-06-14,2023-06-14,2023,2,6,2023-06,14,24,Wed,4,1960-01,,ETC/GMT+7,GMT-07:00,-25200
23176,061523,2023-06-15,2023-06-15,2023,2,6,2023-06,15,24,Thu,5,1960-01,,ETC/GMT+7,GMT-07:00,-25200
23177,061623,2023-06-16,2023-06-16,2023,2,6,2023-06,16,24,Fri,6,1960-01,,ETC/GMT+7,GMT-07:00,-25200
23178,061723,2023-06-17,2023-06-17,2023,2,6,2023-06,17,24,Sat,7,1960-01,,ETC/GMT+7,GMT-07:00,-25200
23179,061823,2023-06-18,2023-06-18,2023,2,6,2023-06,18,25,Sun,1,1960-01,FATHERS,ETC/GMT+7,GMT-07:00,-25200
23180,061923,2023-06-19,2023-06-19,2023,2,6,2023-06,19,25,Mon,2,1960-01,,ETC/GMT+7,GMT-07:00,-25200
23181,062023,2023-06-20,2023-06-20,2023,2,6,2023-06,20,25,Tue,3,1960-01,,ETC/GMT+7,GMT-07:00,-25200
23182,062123,2023-06-21,2023-06-21,2023,2,6,2023-06,21,25,Wed,4,1960-01,,ETC/GMT+7,GMT-07:00,-25200
23183,062223,2023-06-22,2023-06-22,2023,2,6,2023-06,22,25,Thu,5,1960-01,,ETC/GMT+7,GMT-07:00,-25200
23184,062323,2023-06-23,2023-06-23,2023,2,6,2023-06,23,25,Fri,6,1960-01,,ETC/GMT+7,GMT-07:00,-25200
23185,062423,2023-06-24,2023-06-24,2023,2,6,2023-06,24,25,Sat,7,1960-01,,ETC/GMT+7,GMT-07:00,-25200
23186,062523,2023-06-25,2023-06-25,2023,2,6,2023-06,25,26,Sun,1,1960-01,,ETC/GMT+7,GMT-07:00,-25200
23187,062623,2023-06-26,2023-06-26,2023,2,6,2023-06,26,26,Mon,2,1960-01,,ETC/GMT+7,GMT-07:00,-25200
23188,062723,2023-06-27,2023-06-27,2023,2,6,2023-06,27,26,Tue,3,1960-01,,ETC/GMT+7,GMT-07:00,-25200
23189,062823,2023-06-28,2023-06-28,2023,2,6,2023-06,28,26,Wed,4,1960-01,,ETC/GMT+7,GMT-07:00,-25200
23190,062923,2023-06-29,2023-06-29,2023,2,6,2023-06,29,26,Thu,5,1960-01,,ETC/GMT+7,GMT-07:00,-25200
23191,063023,2023-06-30,2023-06-30,2023,2,6,2023-06,30,26,Fri,6,1960-01,,ETC/GMT+7,GMT-07:00,-25200
23192,070123,2023-07-01,2023-07-01,2023,3,7,2023-07,1,26,Sat,7,1960-01,CANADA,ETC/GMT+7,GMT-07:00,-25200
23193,070223,2023-07-02,2023-07-02,2023,3,7,2023-07,2,27,Sun,1,1960-01,,ETC/GMT+7,GMT-07:00,-25200
23194,070323,2023-07-03,2023-07-03,2023,3,7,2023-07,3,27,Mon,2,1960-01,,ETC/GMT+7,GMT-07:00,-25200
23195,070423,2023-07-04,2023-07-04,2023,3,7,2023-07,4,27,Tue,3,1960-01,USINDEPENDENCE,ETC/GMT+7,GMT-07:00,-25200
23196,070523,2023-07-05,2023-07-05,2023,3,7,2023-07,5,27,Wed,4,1960-01,,ETC/GMT+7,GMT-07:00,-25200
23197,070623,2023-07-06,2023-07-06,2023,3,7,2023-07,6,27,Thu,5,1960-01,,ETC/GMT+7,GMT-07:00,-25200
23198,070723,2023-07-07,2023-07-07,2023,3,7,2023-07,7,27,Fri,6,1960-01,,ETC/GMT+7,GMT-07:00,-25200
23199,070823,2023-07-08,2023-07-08,2023,3,7,2023-07,8,27,Sat,7,1960-01,,ETC/GMT+7,GMT-07:00,-25200
23200,070923,2023-07-09,2023-07-09,2023,3,7,2023-07,9,28,Sun,1,1960-01,,ETC/GMT+7,GMT-07:00,-25200
23201,071023,2023-07-10,2023-07-10,2023,3,7,2023-07,10,28,Mon,2,1960-01,,ETC/GMT+7,GMT-07:00,-25200
23202,071123,2023-07-11,2023-07-11,2023,3,7,2023-07,11,28,Tue,3,1960-01,,ETC/GMT+7,GMT-07:00,-25200
23203,071223,2023-07-12,2023-07-12,2023,3,7,2023-07,12,28,Wed,4,1960-01,,ETC/GMT+7,GMT-07:00,-25200
23204,071323,2023-07-13,2023-07-13,2023,3,7,2023-07,13,28,Thu,5,1960-01,,ETC/GMT+7,GMT-07:00,-25200
23205,071423,2023-07-14,2023-07-14,2023,3,7,2023-07,14,28,Fri,6,1960-01,,ETC/GMT+7,GMT-07:00,-25200
23206,071523,2023-07-15,2023-07-15,2023,3,7,2023-07,15,28,Sat,7,1960-01,,ETC/GMT+7,GMT-07:00,-25200
23207,071623,2023-07-16,2023-07-16,2023,3,7,2023-07,16,29,Sun,1,1960-01,,ETC/GMT+7,GMT-07:00,-25200
23208,071723,2023-07-17,2023-07-17,2023,3,7,2023-07,17,29,Mon,2,1960-01,,ETC/GMT+7,GMT-07:00,-25200
23209,071823,2023-07-18,2023-07-18,2023,3,7,2023-07,18,29,Tue,3,1960-01,,ETC/GMT+7,GMT-07:00,-25200
23210,071923,2023-07-19,2023-07-19,2023,3,7,2023-07,19,29,Wed,4,1960-01,,ETC/GMT+7,GMT-07:00,-25200
23211,072023,2023-07-20,2023-07-20,2023,3,7,2023-07,20,29,Thu,5,1960-01,,ETC/GMT+7,GMT-07:00,-25200
23212,072123,2023-07-21,2023-07-21,2023,3,7,2023-07,21,29,Fri,6,1960-01,,ETC/GMT+7,GMT-07:00,-25200
23213,072223,2023-07-22,2023-07-22,2023,3,7,2023-07,22,29,Sat,7,1960-01,,ETC/GMT+7,GMT-07:00,-25200
23214,072323,2023-07-23,2023-07-23,2023,3,7,2023-07,23,30,Sun,1,1960-01,,ETC/GMT+7,GMT-07:00,-25200
23215,072423,2023-07-24,2023-07-24,2023,3,7,2023-07,24,30,Mon,2,1960-01,,ETC/GMT+7,GMT-07:00,-25200
23216,072523,2023-07-25,2023-07-25,2023,3,7,2023-07,25,30,Tue,3,1960-01,,ETC/GMT+7,GMT-07:00,-25200
23217,072623,2023-07-26,2023-07-26,2023,3,7,2023-07,26,30,Wed,4,1960-01,,ETC/GMT+7,GMT-07:00,-25200
23218,072723,2023-07-27,2023-07-27,2023,3,7,2023-07,27,30,Thu,5,1960-01,,ETC/GMT+7,GMT-07:00,-25200
23219,072823,2023-07-28,2023-07-28,2023,3,7,2023-07,28,30,Fri,6,1960-01,,ETC/GMT+7,GMT-07:00,-25200
23220,072923,2023-07-29,2023-07-29,2023,3,7,2023-07,29,30,Sat,7,1960-01,,ETC/GMT+7,GMT-07:00,-25200
23221,073023,2023-07-30,2023-07-30,2023,3,7,2023-07,30,31,Sun,1,1960-01,,ETC/GMT+7,GMT-07:00,-25200
23222,073123,2023-07-31,2023-07-31,2023,3,7,2023-07,31,31,Mon,2,1960-01,,ETC/GMT+7,GMT-07:00,-25200
23223,080123,2023-08-01,2023-08-01,2023,3,8,2023-08,1,31,Tue,3,1960-01,,ETC/GMT+7,GMT-07:00,-25200
23224,080223,2023-08-02,2023-08-02,2023,3,8,2023-08,2,31,Wed,4,1960-01,,ETC/GMT+7,GMT-07:00,-25200
23225,080323,2023-08-03,2023-08-03,2023,3,8,2023-08,3,31,Thu,5,1960-01,,ETC/GMT+7,GMT-07:00,-25200
23226,080423,2023-08-04,2023-08-04,2023,3,8,2023-08,4,31,Fri,6,1960-01,,ETC/GMT+7,GMT-07:00,-25200
23227,080523,2023-08-05,2023-08-05,2023,3,8,2023-08,5,31,Sat,7,1960-01,,ETC/GMT+7,GMT-07:00,-25200
23228,080623,2023-08-06,2023-08-06,2023,3,8,2023-08,6,32,Sun,1,1960-01,,ETC/GMT+7,GMT-07:00,-25200
23229,080723,2023-08-07,2023-08-07,2023,3,8,2023-08,7,32,Mon,2,1960-01,,ETC/GMT+7,GMT-07:00,-25200
23230,080823,2023-08-08,2023-08-08,2023,3,8,2023-08,8,32,Tue,3,1960-01,,ETC/GMT+7,GMT-07:00,-25200
23231,080923,2023-08-09,2023-08-09,2023,3,8,2023-08,9,32,Wed,4,1960-01,,ETC/GMT+7,GMT-07:00,-25200
23232,081023,2023-08-10,2023-08-10,2023,3,8,2023-08,10,32,Thu,5,1960-01,,ETC/GMT+7,GMT-07:00,-25200
23233,081123,2023-08-11,2023-08-11,2023,3,8,2023-08,11,32,Fri,6,1960-01,,ETC/GMT+7,GMT-07:00,-25200
23234,081223,2023-08-12,2023-08-12,2023,3,8,2023-08,12,32,Sat,7,1960-01,,ETC/GMT+7,GMT-07:00,-25200
23235,081323,2023-08-13,2023-08-13,2023,3,8,2023-08,13,33,Sun,1,1960-01,,ETC/GMT+7,GMT-07:00,-25200
23236,081423,2023-08-14,2023-08-14,2023,3,8,2023-08,14,33,Mon,2,1960-01,,ETC/GMT+7,GMT-07:00,-25200
23237,081523,2023-08-15,2023-08-15,2023,3,8,2023-08,15,33,Tue,3,1960-01,,ETC/GMT+7,GMT-07:00,-25200
23238,081623,2023-08-16,2023-08-16,2023,3,8,2023-08,16,33,Wed,4,1960-01,,ETC/GMT+7,GMT-07:00,-25200
23239,081723,2023-08-17,2023-08-17,2023,3,8,2023-08,17,33,Thu,5,1960-01,,ETC/GMT+7,GMT-07:00,-25200
23240,081823,2023-08-18,2023-08-18,2023,3,8,2023-08,18,33,Fri,6,1960-01,,ETC/GMT+7,GMT-07:00,-25200
23241,081923,2023-08-19,2023-08-19,2023,3,8,2023-08,19,33,Sat,7,1960-01,,ETC/GMT+7,GMT-07:00,-25200
23242,082023,2023-08-20,2023-08-20,2023,3,8,2023-08,20,34,Sun,1,1960-01,,ETC/GMT+7,GMT-07:00,-25200
23243,082123,2023-08-21,2023-08-21,2023,3,8,2023-08,21,34,Mon,2,1960-01,,ETC/GMT+7,GMT-07:00,-25200
23244,082223,2023-08-22,2023-08-22,2023,3,8,2023-08,22,34,Tue,3,1960-01,,ETC/GMT+7,GMT-07:00,-25200
23245,082323,2023-08-23,2023-08-23,2023,3,8,2023-08,23,34,Wed,4,1960-01,,ETC/GMT+7,GMT-07:00,-25200
23246,082423,2023-08-24,2023-08-24,2023,3,8,2023-08,24,34,Thu,5,1960-01,,ETC/GMT+7,GMT-07:00,-25200
23247,082523,2023-08-25,2023-08-25,2023,3,8,2023-08,25,34,Fri,6,1960-01,,ETC/GMT+7,GMT-07:00,-25200
23248,082623,2023-08-26,2023-08-26,2023,3,8,2023-08,26,34,Sat,7,1960-01,,ETC/GMT+7,GMT-07:00,-25200
23249,082723,2023-08-27,2023-08-27,2023,3,8,2023-08,27,35,Sun,1,1960-01,,ETC/GMT+7,GMT-07:00,-25200
23250,082823,2023-08-28,2023-08-28,2023,3,8,2023-08,28,35,Mon,2,1960-01,,ETC/GMT+7,GMT-07:00,-25200
23251,082923,2023-08-29,2023-08-29,2023,3,8,2023-08,29,35,Tue,3,1960-01,,ETC/GMT+7,GMT-07:00,-25200
23252,083023,2023-08-30,2023-08-30,2023,3,8,2023-08,30,35,Wed,4,1960-01,,ETC/GMT+7,GMT-07:00,-25200
23253,083123,2023-08-31,2023-08-31,2023,3,8,2023-08,31,35,Thu,5,1960-01,,ETC/GMT+7,GMT-07:00,-25200
23254,090123,2023-09-01,2023-09-01,2023,3,9,2023-09,1,35,Fri,6,1960-01,,ETC/GMT+7,GMT-07:00,-25200
23255,090223,2023-09-02,2023-09-02,2023,3,9,2023-09,2,35,Sat,7,1960-01,,ETC/GMT+7,GMT-07:00,-25200
23256,090323,2023-09-03,2023-09-03,2023,3,9,2023-09,3,36,Sun,1,1960-01,,ETC/GMT+7,GMT-07:00,-25200
23257,090423,2023-09-04,2023-09-04,2023,3,9,2023-09,4,36,Mon,2,1960-01,LABOR,ETC/GMT+7,GMT-07:00,-25200
23258,090523,2023-09-05,2023-09-05,2023,3,9,2023-09,5,36,Tue,3,1960-01,,ETC/GMT+7,GMT-07:00,-25200
23259,090623,2023-09-06,2023-09-06,2023,3,9,2023-09,6,36,Wed,4,1960-01,,ETC/GMT+7,GMT-07:00,-25200
23260,090723,2023-09-07,2023-09-07,2023,3,9,2023-09,7,36,Thu,5,1960-01,,ETC/GMT+7,GMT-07:00,-25200
23261,090823,2023-09-08,2023-09-08,2023,3,9,2023-09,8,36,Fri,6,1960-01,,ETC/GMT+7,GMT-07:00,-25200
23262,090923,2023-09-09,2023-09-09,2023,3,9,2023-09,9,36,Sat,7,1960-01,,ETC/GMT+7,GMT-07:00,-25200
23263,091023,2023-09-10,2023-09-10,2023,3,9,2023-09,10,37,Sun,1,1960-01,,ETC/GMT+7,GMT-07:00,-25200
23264,091123,2023-09-11,2023-09-11,2023,3,9,2023-09,11,37,Mon,2,1960-01,,ETC/GMT+7,GMT-07:00,-25200
23265,091223,2023-09-12,2023-09-12,2023,3,9,2023-09,12,37,Tue,3,1960-01,,ETC/GMT+7,GMT-07:00,-25200
23266,091323,2023-09-13,2023-09-13,2023,3,9,2023-09,13,37,Wed,4,1960-01,,ETC/GMT+7,GMT-07:00,-25200
23267,091423,2023-09-14,2023-09-14,2023,3,9,2023-09,14,37,Thu,5,1960-01,,ETC/GMT+7,GMT-07:00,-25200
23268,091523,2023-09-15,2023-09-15,2023,3,9,2023-09,15,37,Fri,6,1960-01,,ETC/GMT+7,GMT-07:00,-25200
23269,091623,2023-09-16,2023-09-16,2023,3,9,2023-09,16,37,Sat,7,1960-01,,ETC/GMT+7,GMT-07:00,-25200
23270,091723,2023-09-17,2023-09-17,2023,3,9,2023-09,17,38,Sun,1,1960-01,,ETC/GMT+7,GMT-07:00,-25200
23271,091823,2023-09-18,2023-09-18,2023,3,9,2023-09,18,38,Mon,2,1960-01,,ETC/GMT+7,GMT-07:00,-25200
23272,091923,2023-09-19,2023-09-19,2023,3,9,2023-09,19,38,Tue,3,1960-01,,ETC/GMT+7,GMT-07:00,-25200
23273,092023,2023-09-20,2023-09-20,2023,3,9,2023-09,20,38,Wed,4,1960-01,,ETC/GMT+7,GMT-07:00,-25200
23274,092123,2023-09-21,2023-09-21,2023,3,9,2023-09,21,38,Thu,5,1960-01,,ETC/GMT+7,GMT-07:00,-25200
23275,092223,2023-09-22,2023-09-22,2023,3,9,2023-09,22,38,Fri,6,1960-01,,ETC/GMT+7,GMT-07:00,-25200
23276,092323,2023-09-23,2023-09-23,2023,3,9,2023-09,23,38,Sat,7,1960-01,,ETC/GMT+7,GMT-07:00,-25200
23277,092423,2023-09-24,2023-09-24,2023,3,9,2023-09,24,39,Sun,1,1960-01,,ETC/GMT+7,GMT-07:00,-25200
23278,092523,2023-09-25,2023-09-25,2023,3,9,2023-09,25,39,Mon,2,1960-01,,ETC/GMT+7,GMT-07:00,-25200
23279,092623,2023-09-26,2023-09-26,2023,3,9,2023-09,26,39,Tue,3,1960-01,,ETC/GMT+7,GMT-07:00,-25200
23280,092723,2023-09-27,2023-09-27,2023,3,9,2023-09,27,39,Wed,4,1960-01,,ETC/GMT+7,GMT-07:00,-25200
23281,092823,2023-09-28,2023-09-28,2023,3,9,2023-09,28,39,Thu,5,1960-01,,ETC/GMT+7,GMT-07:00,-25200
23282,092923,2023-09-29,2023-09-29,2023,3,9,2023-09,29,39,Fri,6,1960-01,,ETC/GMT+7,GMT-07:00,-25200
23283,093023,2023-09-30,2023-09-30,2023,3,9,2023-09,30,39,Sat,7,1960-01,,ETC/GMT+7,GMT-07:00,-25200
23284,100123,2023-10-01,2023-10-01,2023,4,10,2023-10,1,40,Sun,1,1960-01,,ETC/GMT+7,GMT-07:00,-25200
23285,100223,2023-10-02,2023-10-02,2023,4,10,2023-10,2,40,Mon,2,1960-01,,ETC/GMT+7,GMT-07:00,-25200
23286,100323,2023-10-03,2023-10-03,2023,4,10,2023-10,3,40,Tue,3,1960-01,,ETC/GMT+7,GMT-07:00,-25200
23287,100423,2023-10-04,2023-10-04,2023,4,10,2023-10,4,40,Wed,4,1960-01,,ETC/GMT+7,GMT-07:00,-25200
23288,100523,2023-10-05,2023-10-05,2023,4,10,2023-10,5,40,Thu,5,1960-01,,ETC/GMT+7,GMT-07:00,-25200
23289,100623,2023-10-06,2023-10-06,2023,4,10,2023-10,6,40,Fri,6,1960-01,,ETC/GMT+7,GMT-07:00,-25200
23290,100723,2023-10-07,2023-10-07,2023,4,10,2023-10,7,40,Sat,7,1960-01,,ETC/GMT+7,GMT-07:00,-25200
23291,100823,2023-10-08,2023-10-08,2023,4,10,2023-10,8,41,Sun,1,1960-01,,ETC/GMT+7,GMT-07:00,-25200
23292,100923,2023-10-09,2023-10-09,2023,4,10,2023-10,9,41,Mon,2,1960-01,THANKSGIVINGCANADA,ETC/GMT+7,GMT-07:00,-25200
23293,101023,2023-10-10,2023-10-10,2023,4,10,2023-10,10,41,Tue,3,1960-01,,ETC/GMT+7,GMT-07:00,-25200
23294,101123,2023-10-11,2023-10-11,2023,4,10,2023-10,11,41,Wed,4,1960-01,,ETC/GMT+7,GMT-07:00,-25200
23295,101223,2023-10-12,2023-10-12,2023,4,10,2023-10,12,41,Thu,5,1960-01,,ETC/GMT+7,GMT-07:00,-25200
23296,101323,2023-10-13,2023-10-13,2023,4,10,2023-10,13,41,Fri,6,1960-01,,ETC/GMT+7,GMT-07:00,-25200
23297,101423,2023-10-14,2023-10-14,2023,4,10,2023-10,14,41,Sat,7,1960-01,,ETC/GMT+7,GMT-07:00,-25200
23298,101523,2023-10-15,2023-10-15,2023,4,10,2023-10,15,42,Sun,1,1960-01,,ETC/GMT+7,GMT-07:00,-25200
23299,101623,2023-10-16,2023-10-16,2023,4,10,2023-10,16,42,Mon,2,1960-01,,ETC/GMT+7,GMT-07:00,-25200
23300,101723,2023-10-17,2023-10-17,2023,4,10,2023-10,17,42,Tue,3,1960-01,,ETC/GMT+7,GMT-07:00,-25200
23301,101823,2023-10-18,2023-10-18,2023,4,10,2023-10,18,42,Wed,4,1960-01,,ETC/GMT+7,GMT-07:00,-25200
23302,101923,2023-10-19,2023-10-19,2023,4,10,2023-10,19,42,Thu,5,1960-01,,ETC/GMT+7,GMT-07:00,-25200
23303,102023,2023-10-20,2023-10-20,2023,4,10,2023-10,20,42,Fri,6,1960-01,,ETC/GMT+7,GMT-07:00,-25200
23304,102123,2023-10-21,2023-10-21,2023,4,10,2023-10,21,42,Sat,7,1960-01,,ETC/GMT+7,GMT-07:00,-25200
23305,102223,2023-10-22,2023-10-22,2023,4,10,2023-10,22,43,Sun,1,1960-01,,ETC/GMT+7,GMT-07:00,-25200
23306,102323,2023-10-23,2023-10-23,2023,4,10,2023-10,23,43,Mon,2,1960-01,,ETC/GMT+7,GMT-07:00,-25200
23307,102423,2023-10-24,2023-10-24,2023,4,10,2023-10,24,43,Tue,3,1960-01,,ETC/GMT+7,GMT-07:00,-25200
23308,102523,2023-10-25,2023-10-25,2023,4,10,2023-10,25,43,Wed,4,1960-01,,ETC/GMT+7,GMT-07:00,-25200
23309,102623,2023-10-26,2023-10-26,2023,4,10,2023-10,26,43,Thu,5,1960-01,,ETC/GMT+7,GMT-07:00,-25200
23310,102723,2023-10-27,2023-10-27,2023,4,10,2023-10,27,43,Fri,6,1960-01,,ETC/GMT+7,GMT-07:00,-25200
23311,102823,2023-10-28,2023-10-28,2023,4,10,2023-10,28,43,Sat,7,1960-01,,ETC/GMT+7,GMT-07:00,-25200
23312,102923,2023-10-29,2023-10-29,2023,4,10,2023-10,29,44,Sun,1,1960-01,,ETC/GMT+7,GMT-07:00,-25200
23313,103023,2023-10-30,2023-10-30,2023,4,10,2023-10,30,44,Mon,2,1960-01,,ETC/GMT+7,GMT-07:00,-25200
23314,103123,2023-10-31,2023-10-31,2023,4,10,2023-10,31,44,Tue,3,1960-01,HALLOWEEN,ETC/GMT+7,GMT-07:00,-25200
23315,110123,2023-11-01,2023-11-01,2023,4,11,2023-11,1,44,Wed,4,1960-01,,ETC/GMT+7,GMT-07:00,-25200
23316,110223,2023-11-02,2023-11-02,2023,4,11,2023-11,2,44,Thu,5,1960-01,,ETC/GMT+7,GMT-07:00,-25200
23317,110323,2023-11-03,2023-11-03,2023,4,11,2023-11,3,44,Fri,6,1960-01,,ETC/GMT+7,GMT-07:00,-25200
23318,110423,2023-11-04,2023-11-04,2023,4,11,2023-11,4,44,Sat,7,1960-01,,ETC/GMT+7,GMT-07:00,-25200
23319,110523,2023-11-05,2023-11-05,2023,4,11,2023-11,5,45,Sun,1,1960-01,,ETC/GMT+7,GMT-07:00,-25200
23320,110623,2023-11-06,2023-11-06,2023,4,11,2023-11,6,45,Mon,2,1960-01,,ETC/GMT+7,GMT-07:00,-25200
23321,110723,2023-11-07,2023-11-07,2023,4,11,2023-11,7,45,Tue,3,1960-01,,ETC/GMT+7,GMT-07:00,-25200
23322,110823,2023-11-08,2023-11-08,2023,4,11,2023-11,8,45,Wed,4,1960-01,,ETC/GMT+7,GMT-07:00,-25200
23323,110923,2023-11-09,2023-11-09,2023,4,11,2023-11,9,45,Thu,5,1960-01,,ETC/GMT+7,GMT-07:00,-25200
23324,111023,2023-11-10,2023-11-10,2023,4,11,2023-11,10,45,Fri,6,1960-01,VETERANSUSG,ETC/GMT+7,GMT-07:00,-25200
23325,111123,2023-11-11,2023-11-11,2023,4,11,2023-11,11,45,Sat,7,1960-01,VETERANS,ETC/GMT+7,GMT-07:00,-25200
23326,111223,2023-11-12,2023-11-12,2023,4,11,2023-11,12,46,Sun,1,1960-01,,ETC/GMT+7,GMT-07:00,-25200
23327,111323,2023-11-13,2023-11-13,2023,4,11,2023-11,13,46,Mon,2,1960-01,,ETC/GMT+7,GMT-07:00,-25200
23328,111423,2023-11-14,2023-11-14,2023,4,11,2023-11,14,46,Tue,3,1960-01,,ETC/GMT+7,GMT-07:00,-25200
23329,111523,2023-11-15,2023-11-15,2023,4,11,2023-11,15,46,Wed,4,1960-01,,ETC/GMT+7,GMT-07:00,-25200
23330,111623,2023-11-16,2023-11-16,2023,4,11,2023-11,16,46,Thu,5,1960-01,,ETC/GMT+7,GMT-07:00,-25200
23331,111723,2023-11-17,2023-11-17,2023,4,11,2023-11,17,46,Fri,6,1960-01,,ETC/GMT+7,GMT-07:00,-25200
23332,111823,2023-11-18,2023-11-18,2023,4,11,2023-11,18,46,Sat,7,1960-01,,ETC/GMT+7,GMT-07:00,-25200
23333,111923,2023-11-19,2023-11-19,2023,4,11,2023-11,19,47,Sun,1,1960-01,,ETC/GMT+7,GMT-07:00,-25200
23334,112023,2023-11-20,2023-11-20,2023,4,11,2023-11,20,47,Mon,2,1960-01,,ETC/GMT+7,GMT-07:00,-25200
23335,112123,2023-11-21,2023-11-21,2023,4,11,2023-11,21,47,Tue,3,1960-01,,ETC/GMT+7,GMT-07:00,-25200
23336,112223,2023-11-22,2023-11-22,2023,4,11,2023-11,22,47,Wed,4,1960-01,,ETC/GMT+7,GMT-07:00,-25200
23337,112323,2023-11-23,2023-11-23,2023,4,11,2023-11,23,47,Thu,5,1960-01,THANKSGIVING,ETC/GMT+7,GMT-07:00,-25200
23338,112423,2023-11-24,2023-11-24,2023,4,11,2023-11,24,47,Fri,6,1960-01,,ETC/GMT+7,GMT-07:00,-25200
23339,112523,2023-11-25,2023-11-25,2023,4,11,2023-11,25,47,Sat,7,1960-01,,ETC/GMT+7,GMT-07:00,-25200
23340,112623,2023-11-26,2023-11-26,2023,4,11,2023-11,26,48,Sun,1,1960-01,,ETC/GMT+7,GMT-07:00,-25200
23341,112723,2023-11-27,2023-11-27,2023,4,11,2023-11,27,48,Mon,2,1960-01,,ETC/GMT+7,GMT-07:00,-25200
23342,112823,2023-11-28,2023-11-28,2023,4,11,2023-11,28,48,Tue,3,1960-01,,ETC/GMT+7,GMT-07:00,-25200
23343,112923,2023-11-29,2023-11-29,2023,4,11,2023-11,29,48,Wed,4,1960-01,,ETC/GMT+7,GMT-07:00,-25200
23344,113023,2023-11-30,2023-11-30,2023,4,11,2023-11,30,48,Thu,5,1960-01,,ETC/GMT+7,GMT-07:00,-25200
23345,120123,2023-12-01,2023-12-01,2023,4,12,2023-12,1,48,Fri,6,1960-01,,ETC/GMT+7,GMT-07:00,-25200
23346,120223,2023-12-02,2023-12-02,2023,4,12,2023-12,2,48,Sat,7,1960-01,,ETC/GMT+7,GMT-07:00,-25200
23347,120323,2023-12-03,2023-12-03,2023,4,12,2023-12,3,49,Sun,1,1960-01,,ETC/GMT+7,GMT-07:00,-25200
23348,120423,2023-12-04,2023-12-04,2023,4,12,2023-12,4,49,Mon,2,1960-01,,ETC/GMT+7,GMT-07:00,-25200
23349,120523,2023-12-05,2023-12-05,2023,4,12,2023-12,5,49,Tue,3,1960-01,,ETC/GMT+7,GMT-07:00,-25200
23350,120623,2023-12-06,2023-12-06,2023,4,12,2023-12,6,49,Wed,4,1960-01,,ETC/GMT+7,GMT-07:00,-25200
23351,120723,2023-12-07,2023-12-07,2023,4,12,2023-12,7,49,Thu,5,1960-01,,ETC/GMT+7,GMT-07:00,-25200
23352,120823,2023-12-08,2023-12-08,2023,4,12,2023-12,8,49,Fri,6,1960-01,,ETC/GMT+7,GMT-07:00,-25200
23353,120923,2023-12-09,2023-12-09,2023,4,12,2023-12,9,49,Sat,7,1960-01,,ETC/GMT+7,GMT-07:00,-25200
23354,121023,2023-12-10,2023-12-10,2023,4,12,2023-12,10,50,Sun,1,1960-01,,ETC/GMT+7,GMT-07:00,-25200
23355,121123,2023-12-11,2023-12-11,2023,4,12,2023-12,11,50,Mon,2,1960-01,,ETC/GMT+7,GMT-07:00,-25200
23356,121223,2023-12-12,2023-12-12,2023,4,12,2023-12,12,50,Tue,3,1960-01,,ETC/GMT+7,GMT-07:00,-25200
23357,121323,2023-12-13,2023-12-13,2023,4,12,2023-12,13,50,Wed,4,1960-01,,ETC/GMT+7,GMT-07:00,-25200
23358,121423,2023-12-14,2023-12-14,2023,4,12,2023-12,14,50,Thu,5,1960-01,,ETC/GMT+7,GMT-07:00,-25200
23359,121523,2023-12-15,2023-12-15,2023,4,12,2023-12,15,50,Fri,6,1960-01,,ETC/GMT+7,GMT-07:00,-25200
23360,121623,2023-12-16,2023-12-16,2023,4,12,2023-12,16,50,Sat,7,1960-01,,ETC/GMT+7,GMT-07:00,-25200
23361,121723,2023-12-17,2023-12-17,2023,4,12,2023-12,17,51,Sun,1,1960-01,,ETC/GMT+7,GMT-07:00,-25200
23362,121823,2023-12-18,2023-12-18,2023,4,12,2023-12,18,51,Mon,2,1960-01,,ETC/GMT+7,GMT-07:00,-25200
23363,121923,2023-12-19,2023-12-19,2023,4,12,2023-12,19,51,Tue,3,1960-01,,ETC/GMT+7,GMT-07:00,-25200
23364,122023,2023-12-20,2023-12-20,2023,4,12,2023-12,20,51,Wed,4,1960-01,,ETC/GMT+7,GMT-07:00,-25200
23365,122123,2023-12-21,2023-12-21,2023,4,12,2023-12,21,51,Thu,5,1960-01,,ETC/GMT+7,GMT-07:00,-25200
23366,122223,2023-12-22,2023-12-22,2023,4,12,2023-12,22,51,Fri,6,1960-01,,ETC/GMT+7,GMT-07:00,-25200
23367,122323,2023-12-23,2023-12-23,2023,4,12,2023-12,23,51,Sat,7,1960-01,,ETC/GMT+7,GMT-07:00,-25200
23368,122423,2023-12-24,2023-12-24,2023,4,12,2023-12,24,52,Sun,1,1960-01,,ETC/GMT+7,GMT-07:00,-25200
23369,122523,2023-12-25,2023-12-25,2023,4,12,2023-12,25,52,Mon,2,1960-01,CHRISTMAS,ETC/GMT+7,GMT-07:00,-25200
23370,122623,2023-12-26,2023-12-26,2023,4,12,2023-12,26,52,Tue,3,1960-01,BOXING,ETC/GMT+7,GMT-07:00,-25200
23371,122723,2023-12-27,2023-12-27,2023,4,12,2023-12,27,52,Wed,4,1960-01,,ETC/GMT+7,GMT-07:00,-25200
23372,122823,2023-12-28,2023-12-28,2023,4,12,2023-12,28,52,Thu,5,1960-01,,ETC/GMT+7,GMT-07:00,-25200
23373,122923,2023-12-29,2023-12-29,2023,4,12,2023-12,29,52,Fri,6,1960-01,,ETC/GMT+7,GMT-07:00,-25200
23374,123023,2023-12-30,2023-12-30,2023,4,12,2023-12,30,52,Sat,7,1960-01,,ETC/GMT+7,GMT-07:00,-25200
23375,123123,2023-12-31,2023-12-31,2023,4,12,2023-12,31,53,Sun,1,1960-01,,ETC/GMT+7,GMT-07:00,-25200
